graph_id,dataset,mu_nominal,mu_empirical,instance,algorithm,mean_Q,std_Q,mean_EQ,std_EQ,mean_ground_truth_NMI,std_ground_truth_NMI,mean_ground_truth_ONMI,std_ground_truth_ONMI,n_quality_runs,mean_stability_VI,mean_stability_normalized_VI,mean_stability_NMI,mean_Omega,mean_ONMI,stability_VI_ci_low,stability_VI_ci_high,stability_normalized_VI_ci_low,stability_normalized_VI_ci_high,stability_NMI_ci_low,stability_NMI_ci_high,stability_Omega_ci_low,stability_Omega_ci_high,stability_ONMI_ci_low,stability_ONMI_ci_high,mean_community_count,std_community_count,number_of_stability_runs,number_of_stability_pairs,degenerate_run_count,degenerate_pair_count
dolphins,dolphins,,,,flpa,0.4714205661695871,0.04937856959088362,,,,,,,30,1.0640933458709134,0.1787131781353332,0.692329336416889,0.5858121657005618,,0.9059191004060996,1.1268181024171493,0.1521480067470663,0.1892477244076512,0.6712349570713997,0.7433186456216586,0.5588295920601238,0.6556479146347244,,,4.2,1.3493293353264109,30,435,0,0
dolphins,dolphins,,,,lpa,0.47524755086164827,0.042688933522932695,,,,,,,30,1.1003659493734164,0.1848051176031715,0.7468195205949912,0.5879157503745789,,0.9524100718561164,1.1605422331853832,0.1599561086346233,0.1949116509915637,0.7188146826224546,0.79235784277237,0.5560880391851447,0.6557830776251568,,,6.566666666666666,1.5013403972802926,30,435,0,0
dolphins,dolphins,,,,semi_sync_lpa,0.466126735493058,0.043396291490318754,,,,,,,30,1.2018532849406816,0.2018497916912972,0.701101321821262,0.5385484302574697,,1.055484473470453,1.252254092137236,0.1772673285274788,0.2103145457184079,0.6746585923644534,0.7506560560771638,0.5143539353089166,0.598807815578828,,,5.8,1.5402641958779175,30,435,0,0
dolphins,dolphins,,,,slpa,,,0.38391916341799653,0.0640266805893591,,,,,30,,,,0.5947377130619615,0.5313564550144421,,,,,,,0.5589726258410883,0.6636387974043036,0.5227332393085873,0.5776124332444865,9.066666666666666,2.347901973712045,30,435,0,0
karate,karate,,,,flpa,0.36589962743808896,0.07112934294775686,,,0.6530228439643228,0.15319641996304417,0.6137345638149058,0.1393159816008142,30,0.7250189087189576,0.1425109000974581,0.6733022823812932,0.6584321537532039,,0.575329129193408,0.830389024416645,0.1130876327053447,0.1632226220275569,0.5807431343868332,0.760443563503999,0.5640747917310658,0.7509212389153002,,,2.5,0.6297235299224025,30,435,1,29
karate,karate,,,,lpa,0.35198060486522026,0.0792923060974502,,,0.5749170439066494,0.15884142023165462,0.4851960525952469,0.16026653532758772,30,0.8829728316028973,0.1735585809971027,0.6643845106008595,0.6060145836163494,,0.705208044590402,0.9807212048628388,0.1386168443084066,0.19277216079318,0.614797532513447,0.7432542735087275,0.5339188944147093,0.7129911046945437,,,3.2,0.8866830868758714,30,435,0,0
karate,karate,,,,semi_sync_lpa,0.3330128205128205,0.10933123005513316,,,0.5085491108109627,0.18914940583823012,0.4167031776654731,0.16004699469682346,30,1.1135424161987055,0.2188797148884987,0.568161888544301,0.4448611242612258,,0.939962131270666,1.1988232368437282,0.1847604907596047,0.2356426521926389,0.4819895936940293,0.6666573115018093,0.3732835939456413,0.5521668393149962,,,3.2666666666666666,0.980265035707122,30,435,1,29
karate,karate,,,,slpa,,,0.2571358237757809,0.10980465418426578,,,0.5408259221242143,0.15371775018509265,30,,,,0.4314356288181494,0.5383729358319634,,,,,,,0.3124966204828274,0.6054088623453358,0.4943646775951483,0.6179194972774592,3.6666666666666665,1.0283342182227606,30,435,0,0
lfr_mu10_i00,lfr,0.1,0.1127373417721519,0.0,flpa,0.819575713115428,0.00828001270193644,,,0.9976289659088508,0.004169464108641331,0.9885326500216506,0.01923836357682746,30,0.0397835434705719,0.003992013306148,0.9953028127107028,0.9905945212213334,,0.016536025586073,0.0623890248958435,0.0016592799034916,0.0062603226312919,0.9926502706324494,0.9980441118774728,0.9848627588966914,0.9963454141422672,,,20.433333333333334,0.7279320417946064,30,435,0,0
lfr_mu10_i00,lfr,0.1,0.1127373417721519,0.0,lpa,0.8201289009819974,0.006317206014466255,,,0.9979164616696645,0.003238372662556426,0.9884975612651311,0.016353945757701664,30,0.034944855391896,0.0035064832223669,0.9958620052781552,0.9929965922658132,,0.016921835923512,0.051928118000229,0.0016979933982271,0.0052106403788158,0.9938585475603282,0.9979920104692376,0.9889168757554108,0.9972141083344922,,,20.466666666666665,0.68144538746106,30,435,0,0
lfr_mu10_i00,lfr,0.1,0.1127373417721519,0.0,semi_sync_lpa,0.8179848434871214,0.01128401341168465,,,0.9937186779485305,0.009566036985633903,0.9801145582031429,0.028304367973459622,30,0.1043824112607049,0.0104740789364019,0.9874440861122524,0.9582924289821956,,0.0522376097083955,0.1565366481373683,0.005241695808005,0.015707408836682,0.9811146303411616,0.9936967374950516,0.9315101154143036,0.9828492053561468,,,20.0,0.7878385971583354,30,435,0,0
lfr_mu10_i00,lfr,0.1,0.1127373417721519,0.0,slpa,,,0.8087527057300188,0.015595125251626263,,,0.9609340501585291,0.01816047372038981,30,,,,0.990134058635298,0.9228827634281612,,,,,,,0.985270207704508,0.9951554488553844,0.9139546659039374,0.9369751484789126,23.666666666666668,2.022857885020227,30,435,0,0
lfr_mu10_i01,lfr,0.1,0.1143771245750849,1.0,flpa,0.8236240347744623,0.006279566771432731,,,0.9989723166444726,0.0027961528638229174,0.9967077939773499,0.00854156331237202,30,0.0178483030600826,0.0017909581975953,0.9979462114567024,0.9936788085429836,,0.0027954182832627,0.0354974327655857,0.0002805015845631,0.0035619306771689,0.9959179132665416,0.9996769368912848,0.9863382824599664,0.9994512568638138,,,23.133333333333333,0.3457459036417604,30,435,0,0
lfr_mu10_i01,lfr,0.1,0.1143771245750849,1.0,lpa,0.8232541927260755,0.005831063835019641,,,0.9986228120043231,0.0030850434499309315,0.9940776546534985,0.013158315246945312,30,0.0239105116230623,0.0023992604034046,0.9972487580456412,0.9930679734238084,,0.0068910883296773,0.0422951425643439,0.0006914747633342,0.0042440355275839,0.9951370571550384,0.9992054662576648,0.9865323741836314,0.9986716686740764,,,23.3,0.7943767889097847,30,435,0,0
lfr_mu10_i01,lfr,0.1,0.1143771245750849,1.0,semi_sync_lpa,0.8187915772840899,0.008414376011654956,,,0.9925247073823473,0.00827780572166545,0.978402751493737,0.020485070725767607,30,0.1273997860549739,0.0127837190145736,0.985071747891772,0.942974589315638,,0.0808899863508139,0.1695809795488864,0.008116770746815,0.0170163205127649,0.9800953307561484,0.9905433195642576,0.9178789048721364,0.9680191963893894,,,23.1,1.028892943728925,30,435,0,0
lfr_mu10_i01,lfr,0.1,0.1143771245750849,1.0,slpa,,,0.807137591974003,0.0161410122312635,,,0.959624691378744,0.019578945216640598,30,,,,0.9813334667549122,0.920419266394356,,,,,,,0.9731288907086616,0.9900133096628202,0.9099934284763236,0.9353917502373446,27.23333333333333,2.459090571081433,30,435,0,0
lfr_mu10_i02,lfr,0.1,0.1164245359160613,2.0,flpa,0.8119571363049991,0.006030832876662367,,,0.9988476567970495,0.003199347821254904,0.9958079846240503,0.010909877587816143,30,0.0186139676034175,0.001867787528982,0.9977025619966188,0.9939867302914822,,0.0019899941905273,0.0362905855784117,0.0001996826475152,0.0036415182731042,0.9955270420698282,0.9997526818670158,0.98770180420343,0.999756656963924,,,18.133333333333333,0.3457459036417604,30,435,0,0
lfr_mu10_i02,lfr,0.1,0.1164245359160613,2.0,lpa,0.8083306347132679,0.010342943821906333,,,0.9967816867007434,0.005624765937992984,0.9838344301280775,0.024609275413592452,30,0.0514872762096284,0.0051664048447115,0.9936772519532744,0.9878342745486864,,0.0218926406179729,0.0805428322076782,0.0021967805034338,0.008081936143414,0.9901436708886314,0.9972924913122778,0.9788400469199416,0.9963320172857112,,,18.633333333333333,0.99942512211403,30,435,0,0
lfr_mu10_i02,lfr,0.1,0.1164245359160613,2.0,semi_sync_lpa,0.8054380308892044,0.009987923846787768,,,0.991987832692446,0.008647185619692726,0.9718860378419097,0.03004025541699812,30,0.126422352379524,0.0126856400628794,0.984165817658928,0.9545365640464883,,0.08034577286484,0.1688702403347831,0.008062162552374,0.0169450025719184,0.9787530321587672,0.9898993338404632,0.9373764757582992,0.9723187123139344,,,18.266666666666666,1.1121068335350708,30,435,0,0
lfr_mu10_i02,lfr,0.1,0.1164245359160613,2.0,slpa,,,0.7915336975876308,0.014741892770866297,,,0.9382870552366839,0.021213118366713687,30,,,,0.9876554865508212,0.8787578684606623,,,,,,,0.9828405264315708,0.9926819769493652,0.8691244208700872,0.8960598551136797,23.7,2.588435821108957,30,435,0,0
lfr_mu10_i03,lfr,0.1,0.1146909827760891,3.0,flpa,0.8333670666999259,0.0026231279900537845,,,0.9988954674949281,0.0030912468497822773,0.9947432282845189,0.009808016809448676,30,0.0187757882432163,0.0018840251511477,0.997862978797339,0.9920741888213866,,0.005189413986506,0.0376124471399506,0.0005207230899521,0.0037741582664836,0.9957025393474568,0.9994144649105816,0.9800863372345364,0.9993919315088624,,,23.166666666666668,0.4611330373774141,30,435,0,0
lfr_mu10_i03,lfr,0.1,0.1146909827760891,3.0,lpa,0.8279754108373393,0.010301752722385444,,,0.9953127651350454,0.00961148363029263,0.9792682807657862,0.03718518011177352,30,0.0816431307618868,0.0081923437664148,0.9908553995357082,0.9748425223158096,,0.0309594087110798,0.1408866608426109,0.0031065702233519,0.0141370369675213,0.9842639716962,0.9965287941277048,0.9551364125570376,0.992713563042963,,,23.966666666666665,1.8096167118144555,30,435,0,0
lfr_mu10_i03,lfr,0.1,0.1146909827760891,3.0,semi_sync_lpa,0.8225462433451829,0.013213623166779246,,,0.9909001685067459,0.009436673068308307,0.9650104293463113,0.03254957915802349,30,0.1589669910346532,0.0159512775406259,0.982171465156346,0.948158467680524,,0.102430286339227,0.2048233895785351,0.0102781962175192,0.0205526613589027,0.9770867049982656,0.988524875967914,0.9289510606510212,0.969361298492828,,,24.066666666666663,1.5959719411009734,30,435,0,0
lfr_mu10_i03,lfr,0.1,0.1146909827760891,3.0,slpa,,,0.8140203492146374,0.013426064244630416,,,0.9595383662001525,0.016597997261597653,30,,,,0.9823213114280698,0.9204592045661636,,,,,,,0.9765288435213104,0.9888771919071208,0.9124641355139954,0.9340567046165592,27.83333333333333,2.4365511710603167,30,435,0,0
lfr_mu10_i04,lfr,0.1,0.1135481366459627,4.0,flpa,0.8280831806006311,0.0026655807217177275,,,0.998756100321895,0.0025160525150980458,0.9942123569732274,0.00977127259914006,30,0.0215831066024648,0.002165720828985,0.9975177343065844,0.9935481606117051,,0.0079441952802513,0.0361464699807272,0.0007971470235892,0.0036270572338555,0.9958326150993216,0.9990895002700192,0.9875076475227612,0.9988056957084044,,,23.133333333333333,0.507416263404925,30,435,0,0
lfr_mu10_i04,lfr,0.1,0.1135481366459627,4.0,lpa,0.8253293881278293,0.007480895240534099,,,0.9979797179148329,0.0038960979425591655,0.990595559592537,0.014811464378725063,30,0.0352229374361238,0.003534386901223,0.9960045236759782,0.990828034902825,,0.0135196464983376,0.0581443119867856,0.001356606375591,0.005834393995089,0.993418724243988,0.9984593136448896,0.9831303052336416,0.997660041847452,,,23.466666666666665,0.8193072487266861,30,435,0,0
lfr_mu10_i04,lfr,0.1,0.1135481366459627,4.0,semi_sync_lpa,0.8241876220153705,0.008254104882645323,,,0.9943922778419734,0.00693067591493792,0.9824971788101126,0.018253164731887945,30,0.0967242305373124,0.0097056315664163,0.988823994593918,0.9590733851890334,,0.0553712653495372,0.1373198320342065,0.0055561372560267,0.0137791294806119,0.9841199581150664,0.9936079809946262,0.9353980151243012,0.980568507796383,,,23.03333333333333,0.8502873077655143,30,435,0,0
lfr_mu10_i04,lfr,0.1,0.1135481366459627,4.0,slpa,,,0.8153813605339758,0.012534303477719532,,,0.9649352761450001,0.015592322395958605,30,,,,0.9862048870622002,0.9307528230797548,,,,,,,0.9781387251307058,0.994097862788453,0.9230671434656388,0.943224862097489,26.83333333333333,1.7827397228816746,30,435,0,0
lfr_mu10_i05,lfr,0.1,0.1127207779321294,5.0,flpa,0.8364968677273537,0.0034286127357697352,,,0.9993599756924139,0.0016428871013943345,0.9964301033096188,0.00813478674831132,30,0.0113883016933483,0.0011427401364562,0.998736321813096,0.997188896835081,,0.0021634276183063,0.0221331831301321,0.0002170855355193,0.0022209173405645,0.9975468363832588,0.9997595522037108,0.993486531697145,0.9995996114294964,,,24.166666666666668,0.3790490217894517,30,435,0,0
lfr_mu10_i05,lfr,0.1,0.1127207779321294,5.0,lpa,0.8342668982557861,0.005666730175667869,,,0.9976023066032954,0.00403399938752013,0.9894394805637567,0.014536986531840225,30,0.0415775805457367,0.0041720329638006,0.9953563124214116,0.9843522874577226,,0.0181560340349074,0.0645887826635461,0.0018218369489344,0.0064810536550497,0.9927737953782124,0.997983961862544,0.9705014553015514,0.9962763893762108,,,24.366666666666667,0.7648904962570575,30,435,0,0
lfr_mu10_i05,lfr,0.1,0.1127207779321294,5.0,semi_sync_lpa,0.832908198633184,0.006246297702947028,,,0.9932448409122477,0.008353180494607794,0.9782798838968214,0.02328838588561192,30,0.1191090202180091,0.0119517959465894,0.9865429362624254,0.953384386031232,,0.0691654258780153,0.1639336020555701,0.0069402892840521,0.0164496438386563,0.9814218888428868,0.9922466761797104,0.9312909237461467,0.9760066068933962,,,23.966666666666665,1.159171325093724,30,435,0,0
lfr_mu10_i05,lfr,0.1,0.1127207779321294,5.0,slpa,,,0.8244410612831476,0.010472514891680882,,,0.9693008615388357,0.016921005144320406,30,,,,0.9898316980252148,0.9393999494968076,,,,,,,0.9853501039310903,0.9944152631229408,0.9307641441463516,0.9520508753445583,27.633333333333333,2.042367343994731,30,435,0,0
lfr_mu10_i06,lfr,0.1,0.1138783269961977,6.0,flpa,0.8273985455912332,0.003820247896050405,,,0.9995589583606262,0.0017311661562853633,0.9981970848650391,0.006865247473947485,30,0.0075729794400186,0.0007598979893307,0.999118104716756,0.997787689846336,,0.0,0.0170862647557331,0.0,0.0017144927351106,0.9980103781115698,1.0,0.9943244793683884,1.0,,,21.066666666666663,0.2537081317024625,30,435,0,0
lfr_mu10_i06,lfr,0.1,0.1138783269961977,6.0,lpa,0.8264956073771006,0.005331774623447154,,,0.999086279177686,0.0025863795597638834,0.9951928209481358,0.013135199629848477,30,0.0156176547248508,0.0015671275113677,0.9981838827223184,0.9968865899470634,,0.00252826890581,0.0297977340300825,0.0002536949259177,0.0029900039152907,0.9965425346876317,0.999704746903538,0.9937187883171752,0.9995409167981428,,,21.2,0.5508613944197477,30,435,0,0
lfr_mu10_i06,lfr,0.1,0.1138783269961977,6.0,semi_sync_lpa,0.8249649337130797,0.006057112616366651,,,0.996952288184147,0.005542681528020234,0.9893955334380873,0.01670775580617762,30,0.0514648885311093,0.0051641583904557,0.993932101206256,0.9786679973351836,,0.0223281032787156,0.0843446346281795,0.0022404762777255,0.0084634216654669,0.9900176935003452,0.9973794958494052,0.9604521637623183,0.9937559073628152,,,21.166666666666668,0.7466399831028446,30,435,0,0
lfr_mu10_i06,lfr,0.1,0.1138783269961977,6.0,slpa,,,0.818169995821426,0.011375260445341262,,,0.9703342555111542,0.018942433662336503,30,,,,0.9922075506814094,0.9414103705892564,,,,,,,0.9874236716185472,0.9968049313894524,0.9311953034121652,0.9555636804256056,23.633333333333333,1.884296874869689,30,435,0,0
lfr_mu10_i07,lfr,0.1,0.1110197368421052,7.0,flpa,0.8238720774980791,0.0038410423934895715,,,0.9985713572649276,0.0032323004935956062,0.9937997016069767,0.012905170923917636,30,0.0234749845532134,0.0023555581660886,0.997148756621243,0.9929465961253529,,0.0059165463025799,0.0409681430817988,0.0005936859692704,0.0041108799780917,0.9950157109722834,0.9992775707043188,0.9867225107394766,0.9987174632234228,,,19.1,0.547722557505166,30,435,0,0
lfr_mu10_i07,lfr,0.1,0.1110197368421052,7.0,lpa,0.8174277759104664,0.008784324543572149,,,0.9952644471861535,0.005496430045658775,0.9738780221900998,0.025947543725506537,30,0.0728558516801656,0.0073105989051253,0.9912935453517429,0.9839046022342446,,0.0439241293331624,0.1004895413035549,0.0044074934875686,0.0100834553942948,0.988032856763125,0.994734044636202,0.9761852244330084,0.9917942923456148,,,20.166666666666668,1.2340942045675145,30,435,0,0
lfr_mu10_i07,lfr,0.1,0.1110197368421052,7.0,semi_sync_lpa,0.8179887322507737,0.010156237251820627,,,0.9951624532542066,0.0061633826837457235,0.9793037761260578,0.02167920842448668,30,0.0791579588064437,0.0079429733320911,0.9904410141320124,0.9757678749362888,,0.0450119722831433,0.1113096055017458,0.0045166512737406,0.0111691766871833,0.9865629700048264,0.9945737207912396,0.9639615437717324,0.9879095878649322,,,19.466666666666665,0.7760791522613609,30,435,0,0
lfr_mu10_i07,lfr,0.1,0.1110197368421052,7.0,slpa,,,0.8030393164573943,0.01835891945680953,,,0.9534327538355363,0.01930071429757586,30,,,,0.9798469645848964,0.908547489158486,,,,,,,0.9725240549875304,0.9882823522341448,0.8997970892391398,0.9243600489674414,23.6,2.328237456784083,30,435,0,0
lfr_mu10_i08,lfr,0.1,0.1142741772663032,8.0,flpa,0.8415886097606075,0.00335778373319319,,,0.9991663947561255,0.001604411210765797,0.995165670772563,0.00902168499422395,30,0.0153895834432511,0.0015442420790641,0.998365566679847,0.9965406046365384,,0.005456618472544,0.02486138534844,0.0005475352783766,0.0024946742412138,0.997361091120701,0.9994204798297958,0.9939828358739876,0.9989468695402266,,,27.266666666666666,0.5208304597621879,30,435,0,0
lfr_mu10_i08,lfr,0.1,0.1142741772663032,8.0,lpa,0.8378360315344342,0.006635511646145823,,,0.9972557030351017,0.003185299721393896,0.9843612051695074,0.01733802652188805,30,0.0499885105680282,0.0050160137065141,0.9947141333129512,0.9893757002293084,,0.0299552003077952,0.0676556939485505,0.0030058046062564,0.0067887977519919,0.9928553692718128,0.9968263715561532,0.9845740216072948,0.9943409978639972,,,28.03333333333333,1.188546876720022,30,435,0,0
lfr_mu10_i08,lfr,0.1,0.1142741772663032,8.0,semi_sync_lpa,0.8355250689681741,0.007621177105954649,,,0.9934721902081731,0.006085471549050605,0.9739160167810289,0.02403385351871755,30,0.1209593111506932,0.0121374603037371,0.9870514982544584,0.954819113990655,,0.0838788561278266,0.1562832212634876,0.0084166838988197,0.0156819791397668,0.9832192948115036,0.9910348372868856,0.9389137098047768,0.9715665967037288,,,27.6,1.4994251772159106,30,435,0,0
lfr_mu10_i08,lfr,0.1,0.1142741772663032,8.0,slpa,,,0.8281540158649751,0.010160785200568477,,,0.9693923425928375,0.013543044857181503,30,,,,0.984464936976602,0.9402663840590408,,,,,,,0.9758884652186238,0.9917791229348236,0.934361319131878,0.9509341681481486,31.3,1.9145540580979448,30,435,0,0
lfr_mu10_i09,lfr,0.1,0.1123037169548797,9.0,flpa,0.8229489877264374,0.00451862612569258,,,0.9990335286070172,0.002373700062677265,0.9940400196757531,0.012927001097955419,30,0.0157025114098214,0.0015756423138707,0.9981321381886978,0.996872050104292,,0.0044963490580626,0.0291673354978828,0.0004511786458174,0.0029267476261525,0.9965348813907846,0.9994627747966774,0.9936676458716056,0.9994993447046584,,,20.23333333333333,0.5040069329937309,30,435,0,0
lfr_mu10_i09,lfr,0.1,0.1123037169548797,9.0,lpa,0.8228060773090891,0.005337964058521428,,,0.9989213501624796,0.0029192701195657348,0.9945432179707941,0.012742706326238851,30,0.0180898848228403,0.0018151993165938,0.9978530544718616,0.995334268996757,,0.0030953830002731,0.0346451625925058,0.0003106010437168,0.0034764110483333,0.9958917639244916,0.9996301584230244,0.9895264025660406,0.9996701976519626,,,20.23333333333333,0.5683207771559353,30,435,0,0
lfr_mu10_i09,lfr,0.1,0.1123037169548797,9.0,semi_sync_lpa,0.8171301891698225,0.009359629002327126,,,0.9941485899689787,0.007835725727994083,0.9765520742064413,0.028556471527835085,30,0.0964002895415241,0.0096731262475638,0.9884640172506844,0.9719597435396864,,0.0534637905653882,0.137699599137116,0.0053647348806929,0.0138172365770593,0.9835238442991712,0.9936315204121308,0.9543877411618336,0.9873934093186788,,,20.633333333333333,1.4499306364701428,30,435,0,0
lfr_mu10_i09,lfr,0.1,0.1123037169548797,9.0,slpa,,,0.8065951902879812,0.015814652169061808,,,0.9540446992929592,0.01972428867729023,30,,,,0.9795061484407962,0.9103373133838392,,,,,,,0.966071317015298,0.991465618026867,0.9012267471340566,0.9259451134999692,24.6,2.313379376135924,30,435,0,0
lfr_mu20_i00,lfr,0.2,0.2436180904522613,0.0,flpa,0.6930342822992687,0.0036331439280524705,,,0.9986853073780911,0.0030782951009882312,0.9943764647525306,0.013220392387493788,30,0.0221759552060188,0.0022252092331708,0.99737774771312,0.9943921074697342,,0.0056908415752285,0.0389619021281252,0.0005710380049051,0.00390956707623,0.9954026942501988,0.9993194463737582,0.9892909000994512,0.9988304839130208,,,21.1,0.607425318241987,30,435,0,0
lfr_mu20_i00,lfr,0.2,0.2436180904522613,0.0,lpa,0.6800148582106513,0.01171624424591835,,,0.986835428351686,0.012658780753682722,0.9533405840502363,0.03721881700717368,30,0.2201478873921253,0.0220903725290287,0.9744921227965776,0.9371344480749748,,0.1445209438480028,0.2874687371813015,0.0145017130333062,0.0288455709024057,0.9668406484528458,0.9831730816789096,0.9112363444437922,0.9642026025472774,,,23.166666666666668,2.62722264960066,30,435,0,0
lfr_mu20_i00,lfr,0.2,0.2436180904522613,0.0,semi_sync_lpa,0.6794808770822286,0.014896412854033501,,,0.974649698798034,0.024981675034849514,0.9367547266066629,0.04343478332450043,30,0.4070832026139156,0.0408480849059155,0.9494254982433076,0.8386460596217289,,0.2845677302653328,0.5183317750145326,0.0285544742026273,0.0520111373283761,0.9340797375558446,0.9654213663578354,0.7834931905510187,0.8946363480782196,,,20.566666666666663,1.8879533405494835,30,435,0,0
lfr_mu20_i00,lfr,0.2,0.2436180904522613,0.0,slpa,,,0.664955970892991,0.015950834481926746,,,0.9148431437782581,0.025301952687675478,30,,,,0.9449344441696088,0.8374147481626959,,,,,,,0.925762611417649,0.963680490292843,0.8276712097527625,0.8586926947499363,29.666666666666668,3.9245762638245054,30,435,0,0
lfr_mu20_i01,lfr,0.2,0.2460658082975679,1.0,flpa,0.7031327879667323,0.007104613726917502,,,0.9960028119663071,0.004838592827877347,0.9837063966346442,0.0165061173477871,30,0.071955513337497,0.0072202559559954,0.9922798643817536,0.9766886306914644,,0.0410496995719167,0.099972291164596,0.0041190636280472,0.0100315527919322,0.9892913611924388,0.9955945470169504,0.96545195599018,0.9883671172098936,,,27.666666666666668,0.802295557085754,30,435,0,0
lfr_mu20_i01,lfr,0.2,0.2460658082975679,1.0,lpa,0.6996618945940435,0.01088594691921992,,,0.9934760349630494,0.008777647268896748,0.9726854620446439,0.031230529232436372,30,0.1182453657108155,0.0118651339757375,0.9874835177215188,0.9664568682039324,,0.0662334254371307,0.167842016346523,0.0066460825907166,0.0168418271510092,0.9823093427206404,0.9929406468973702,0.9529914085217752,0.9820294772325654,,,28.83333333333333,2.5472545509089657,30,435,0,0
lfr_mu20_i01,lfr,0.2,0.2460658082975679,1.0,semi_sync_lpa,0.6945267779462025,0.0094801712277858,,,0.9781789450111809,0.013078573357057255,0.9362658540940954,0.03176625090995659,30,0.3937727003201543,0.0395124647566567,0.9565444290440384,0.8549797427990015,,0.3034420693108081,0.4613287518743666,0.030448388269634,0.0462912640588034,0.9488648879904988,0.9667099521464484,0.8272206933288195,0.890743285461431,,,26.53333333333333,1.8519948859193065,30,435,0,0
lfr_mu20_i01,lfr,0.2,0.2460658082975679,1.0,slpa,,,0.6824805578172074,0.012960626660779058,,,0.9364732310030317,0.02513472555203757,30,,,,0.9573967468544224,0.8791992800198891,,,,,,,0.9487424490589909,0.9692945967424949,0.8690700569879349,0.897829605888468,35.1,3.1111590034627907,30,435,0,0
lfr_mu20_i02,lfr,0.2,0.2440318302387268,2.0,flpa,0.6837567180510781,0.008129644320900319,,,0.9929407390003777,0.010889506255606748,0.9800012184682017,0.031094392071647072,30,0.1125431560149035,0.0112929552557257,0.9859899791279254,0.9569630164550564,,0.0537662831329331,0.1666128433405401,0.0053950879927917,0.0167184878361221,0.9793005116236824,0.9933617047593823,0.9372150320420068,0.9798446265160196,,,18.33333333333333,1.0613372610104643,30,435,0,0
lfr_mu20_i02,lfr,0.2,0.2440318302387268,2.0,lpa,0.6689773366565359,0.019062477928739704,,,0.9740322120353059,0.026914363059485594,0.9208761981888612,0.07348829228356789,30,0.4067221010209313,0.0408118507689254,0.9515857567990768,0.9085847385973902,,0.2655191929639897,0.5330471886567789,0.0266430805022178,0.0534877309633491,0.9372767915332156,0.968090722344838,0.8821847854249186,0.9378245291740736,,,22.133333333333333,5.48184044939687,30,435,0,0
lfr_mu20_i02,lfr,0.2,0.2440318302387268,2.0,semi_sync_lpa,0.6628161018763923,0.018906875109923903,,,0.9548287098553395,0.03233091051240659,0.895297190627375,0.05663180296897447,30,0.6777277607509556,0.0680054616267399,0.9107296928703896,0.7388139947464066,,0.5070938231040126,0.8014461658695256,0.0508834837900775,0.0804197786122058,0.8922468849995892,0.934331913387044,0.6845419386336161,0.8086562822537364,,,18.166666666666668,3.1413080224572094,30,435,0,0
lfr_mu20_i02,lfr,0.2,0.2440318302387268,2.0,slpa,,,0.6180958159183612,0.0177160623201334,,,0.7852320594637893,0.04677160884053816,30,,,,0.8194816210169853,0.6477971003570743,,,,,,,0.798812938753616,0.8535537485045845,0.6417380428619779,0.6806925099936553,36.266666666666666,4.448427334140284,30,435,0,0
lfr_mu20_i03,lfr,0.2,0.247526836455483,3.0,flpa,0.6866267948508418,0.007771957018207121,,,0.9936393412480539,0.009429260827157447,0.9807367192335967,0.024605686678454874,30,0.1000770787567017,0.0100420675280646,0.9881985996279444,0.9645899864593838,,0.0498625993899401,0.1529525856406906,0.0050033793593828,0.0153477720640706,0.9820589255600222,0.9940848995281208,0.9438864908808168,0.9860247702805404,,,21.5,1.042212500669477,30,435,0,0
lfr_mu20_i03,lfr,0.2,0.247526836455483,3.0,lpa,0.683429281849373,0.010621433375793734,,,0.9921932207403267,0.01121575925521209,0.9678815143990359,0.03591936923880444,30,0.1198580376978723,0.0120269548561612,0.986102061980181,0.9744266958631448,,0.0667890196492048,0.1830642977900692,0.0067018327651338,0.0183692815899914,0.9789950981603442,0.9921425624581642,0.9573759202342208,0.9885047565424004,,,22.566666666666663,2.238893404823222,30,435,0,0
lfr_mu20_i03,lfr,0.2,0.247526836455483,3.0,semi_sync_lpa,0.6658836545624229,0.023766541961038078,,,0.9571908849866808,0.03658890767338305,0.9013280196649327,0.068328217697851,30,0.6764737161888024,0.0678796266170374,0.9162539759742212,0.7438777448725118,,0.4676066195659111,0.850626054649698,0.046921206220125,0.0853546525142893,0.8942699079686603,0.9425228004257932,0.6848197412773956,0.8195302251103145,,,21.33333333333333,2.454177765718516,30,435,0,0
lfr_mu20_i03,lfr,0.2,0.247526836455483,3.0,slpa,,,0.6390563892034831,0.02607981289319789,,,0.8499338850227969,0.049146984761986416,30,,,,0.8561617474534345,0.7366925668741409,,,,,,,0.8174195971865849,0.9015114923938612,0.720667101978054,0.7709687616885038,35.266666666666666,5.381535054260065,30,435,0,0
lfr_mu20_i04,lfr,0.2,0.2450704225352112,4.0,flpa,0.6877234770123086,0.01000509647485495,,,0.9939842693715313,0.008728950973525523,0.9806161223119656,0.02414653996591594,30,0.1019290213085767,0.0102278976141849,0.9880258351018164,0.9630697549383748,,0.0523928135452787,0.1487818398441461,0.0052572694781196,0.0149292655343874,0.9824831685992196,0.9938684030096988,0.9414345980015746,0.9845381050426596,,,21.53333333333333,0.9732042112432566,30,435,0,0
lfr_mu20_i04,lfr,0.2,0.2450704225352112,4.0,lpa,0.6854766101640024,0.00871754664599543,,,0.9920197361675702,0.008263182472848418,0.9653855553711133,0.026241639818520946,30,0.1288467425464395,0.0129289114500242,0.9849740145709952,0.9657053007282164,,0.0796141537963001,0.1748824022154803,0.0079887494573639,0.0175482829268775,0.9796712696629932,0.9906982557050054,0.9512503146145582,0.9809665891548796,,,22.53333333333333,1.1957780134587124,30,435,0,0
lfr_mu20_i04,lfr,0.2,0.2450704225352112,4.0,semi_sync_lpa,0.6759934476071723,0.014651693183628741,,,0.9688397734015134,0.019994839067456464,0.9153297082655398,0.04574332586773298,30,0.4978824941417397,0.0499591883508866,0.9396792910213044,0.8182343622344393,,0.3804140722530851,0.5955020974462186,0.0381720155069545,0.0597546646040423,0.927983197408946,0.954003870915046,0.7845937958681805,0.8612283026957451,,,21.266666666666666,2.3625429510174625,30,435,0,0
lfr_mu20_i04,lfr,0.2,0.2450704225352112,4.0,slpa,,,0.6625443056749469,0.01815319514817154,,,0.9136239412247685,0.02655199632601192,30,,,,0.9524106531433316,0.8350348286901856,,,,,,,0.9382291921220296,0.9686602891465896,0.8247272725961844,0.8570498218057527,30.0,3.4839533628455417,30,435,0,0
lfr_mu20_i05,lfr,0.2,0.2443742597710225,5.0,flpa,0.6923168407836404,0.0058565352448833536,,,0.9952634262627211,0.006552833205117284,0.9850576754110542,0.018977757640965168,30,0.0799968915728005,0.0080271546410973,0.9905625966548725,0.971495961589984,,0.042417323917813,0.1149511473865279,0.0042562956116856,0.011534581133112,0.986451920131066,0.9950108037418128,0.9539678932121876,0.987083884814433,,,21.266666666666666,0.6396838299494919,30,435,0,0
lfr_mu20_i05,lfr,0.2,0.2443742597710225,5.0,lpa,0.6919995193593272,0.005994066236095424,,,0.9948045159279648,0.007440476751641673,0.9833295694079217,0.021952488564035852,30,0.0859956649402315,0.0086290915480263,0.9897931401652844,0.965597522127359,,0.0455075803822173,0.1224457086779563,0.0045663822417123,0.0122866103841327,0.9854246479212412,0.9946076570085036,0.9444909449337668,0.9859562230572864,,,21.3,0.7943767889097847,30,435,0,0
lfr_mu20_i05,lfr,0.2,0.2443742597710225,5.0,semi_sync_lpa,0.6815022840757561,0.012439678155623983,,,0.9715243898272884,0.020568066791572456,0.9304576118582004,0.04839366983008038,30,0.4655382090751114,0.0467136550197661,0.9429980993433538,0.8133159959402856,,0.3444563300079741,0.5629131328268376,0.0345638958429104,0.0564845793113536,0.9308116823877062,0.9580450109376728,0.7787590490708667,0.8615457314033335,,,20.5,1.717054414417017,30,435,0,0
lfr_mu20_i05,lfr,0.2,0.2443742597710225,5.0,slpa,,,0.6727014685910496,0.016566848231975156,,,0.9273905728054839,0.03222687937237377,30,,,,0.9436698289423274,0.8615958147845,,,,,,,0.9194759500604264,0.9668663526058656,0.8476301844469294,0.885393279322209,27.466666666666665,3.1811224795479123,30,435,0,0
lfr_mu20_i06,lfr,0.2,0.2478224802986312,6.0,flpa,0.6922179722552567,0.007260915110533606,,,0.9958743679815599,0.00623159759730036,0.9842715574296445,0.022630950983284957,30,0.0711361857188404,0.0071380418928315,0.991883438649071,0.9769326758467322,,0.036626136370282,0.1067546890276337,0.0036751885575781,0.0107121211916994,0.987831433726726,0.995820832429232,0.9609531224071,0.9899871635875862,,,23.53333333333333,0.9371024061116424,30,435,0,0
lfr_mu20_i06,lfr,0.2,0.2478224802986312,6.0,lpa,0.6903909117579039,0.008331631262723498,,,0.9939777468965143,0.008609110171863601,0.9716857159147708,0.03281176261327957,30,0.1020932653587669,0.0102443784094237,0.988490591975272,0.9788008284959022,,0.0558342033471986,0.1517309397443014,0.0056025899971696,0.0152251880444396,0.9829625108955636,0.9936597201742866,0.969476022650419,0.988973398581326,,,24.666666666666668,2.5908770094624174,30,435,0,0
lfr_mu20_i06,lfr,0.2,0.2478224802986312,6.0,semi_sync_lpa,0.6813662937273703,0.01149035396547324,,,0.9747401049124205,0.018547847796651303,0.9258839920428914,0.04546849167229981,30,0.4238428412703415,0.0425298028899401,0.9503538681039702,0.8565447810764182,,0.3144583668414798,0.5076443929674728,0.0315538002689311,0.0509387298046142,0.9400606846176364,0.96342443483618,0.8265539530225529,0.8961239493154058,,,23.4,1.940494071462036,30,435,0,0
lfr_mu20_i06,lfr,0.2,0.2478224802986312,6.0,slpa,,,0.6584357498949801,0.01579284837032999,,,0.9065970091714981,0.02547709211350405,30,,,,0.9371835346200597,0.825936334656418,,,,,,,0.919166291220724,0.956015447387824,0.8182364851019466,0.8471260579985495,33.766666666666666,3.470897065137716,30,435,0,0
lfr_mu20_i07,lfr,0.2,0.2413030363965413,7.0,flpa,0.6932318338317754,0.007181472913173734,,,0.9921596123383409,0.00851712234423093,0.9695471716013956,0.026319951367807407,30,0.1328389625842531,0.0133295041102484,0.9848115985493462,0.9565378403029025,,0.0849656253870985,0.1762913068691539,0.0085257339472885,0.0176896571141396,0.9798426280772558,0.99031729363779,0.9354826324805864,0.9773778915740934,,,23.766666666666666,1.165105688067746,30,435,0,0
lfr_mu20_i07,lfr,0.2,0.2413030363965413,7.0,lpa,0.6869295024286051,0.011766178763864266,,,0.9889332142689444,0.009718151195580487,0.949503519519356,0.03937220703248764,30,0.1846703201718208,0.018530435226863,0.97935055756744,0.9563449326046628,,0.1241648540161895,0.233559527584268,0.0124591151553708,0.0234361411919912,0.9740042346087516,0.9860491312744228,0.9425150536708204,0.9728861550578216,,,25.633333333333333,2.760351468542558,30,435,0,0
lfr_mu20_i07,lfr,0.2,0.2413030363965413,7.0,semi_sync_lpa,0.6782485944241,0.01840808306750329,,,0.965697602035495,0.026093822691458986,0.9073511851446778,0.05042930558813147,30,0.5684304592850025,0.0570382062312797,0.9330224913003142,0.7901055977506186,,0.4145431174506668,0.6811193109199722,0.0415966376162358,0.0683457810709643,0.9187972046032998,0.9515898416966764,0.7345264056337247,0.8587826126888243,,,23.933333333333334,2.211776214491083,30,435,0,0
lfr_mu20_i07,lfr,0.2,0.2413030363965413,7.0,slpa,,,0.6646225434361137,0.01631762685050749,,,0.8956169954842131,0.036249342818561084,30,,,,0.9094880278363234,0.8119973946068488,,,,,,,0.8894500590602779,0.9333664987613396,0.7990244662851879,0.8372780392129647,33.63333333333333,3.917100734078655,30,435,0,0
lfr_mu20_i08,lfr,0.2,0.243824061056437,8.0,flpa,0.692958829709134,0.006027446758862193,,,0.9948767532082778,0.005941601316527083,0.9839479637138088,0.016694120278290852,30,0.0873535535690356,0.0087653466173733,0.989771628578836,0.9654129714962052,,0.0526398919352184,0.1188242208737825,0.0052820621470037,0.0119232182314702,0.9860769562472264,0.9938634431316056,0.9465913270981868,0.9833556210326811,,,22.23333333333333,0.8976341829703133,30,435,0,0
lfr_mu20_i08,lfr,0.2,0.243824061056437,8.0,lpa,0.6881300518211836,0.01336473397234813,,,0.9901663396652977,0.014481657899797143,0.9637154884784667,0.04860117723362407,30,0.1695977746234304,0.017018005786504,0.9807072870324668,0.958252942160339,,0.0874489359041573,0.2487653664299555,0.0087749175986827,0.0249619457259194,0.971892531705796,0.989890249070086,0.9398949974507534,0.978867551136588,,,24.0,4.008611420085686,30,435,0,0
lfr_mu20_i08,lfr,0.2,0.243824061056437,8.0,semi_sync_lpa,0.6789266549688783,0.017213669561179923,,,0.9679413658987528,0.029246962544704828,0.9232701454787889,0.05319262588796141,30,0.5198102089383249,0.0521594883142657,0.9365013248542656,0.7955473446463377,,0.3581064299365904,0.6538538011313388,0.0359335923503518,0.0656098689731481,0.9185811431018728,0.9573004132920944,0.732666622414409,0.8676100307441441,,,21.966666666666665,2.311639712610843,30,435,0,0
lfr_mu20_i08,lfr,0.2,0.243824061056437,8.0,slpa,,,0.6588919505341835,0.018376230560911536,,,0.8984461566067653,0.02943090461567162,30,,,,0.9308840392554986,0.8100898586519103,,,,,,,0.9139671047187192,0.9512210816311292,0.8006016338319986,0.8329709067502316,32.3,3.385058447007255,30,435,0,0
lfr_mu20_i09,lfr,0.2,0.2430623892934461,9.0,flpa,0.6796223297647325,0.006677073715580039,,,0.9957532480962772,0.008144269225465343,0.9868081692943205,0.020113751946170457,30,0.0643906511548056,0.0064611724793106,0.9916947429992942,0.9750509448693144,,0.0263777008567503,0.1060639366192833,0.0026468263915111,0.0106428087935358,0.9861731529816112,0.9966445663460152,0.9526483895079448,0.9919128944836436,,,16.233333333333334,0.6260623155792925,30,435,0,0
lfr_mu20_i09,lfr,0.2,0.2430623892934461,9.0,lpa,0.6761640967594406,0.010103780977256916,,,0.993219781405962,0.008546997356139835,0.9730735935324771,0.0334545069448013,30,0.103875320843067,0.0104231957943277,0.9868342610238188,0.9701451616349266,,0.0606376474467542,0.1444552218344277,0.0060845835826568,0.0144951182674857,0.9817750326563832,0.9922595493295916,0.9564062463978154,0.9838979828294584,,,16.766666666666666,1.3817363722139078,30,435,0,0
lfr_mu20_i09,lfr,0.2,0.2430623892934461,9.0,semi_sync_lpa,0.667779929454327,0.01247716611964662,,,0.9690702152720587,0.018488278589394263,0.9221624326248504,0.046392273194002694,30,0.459783975432007,0.046136256043555,0.937983577505152,0.807560779790665,,0.361509937479741,0.5313860742068465,0.0362751116373375,0.0533210492047956,0.9277539471341204,0.9515677928770132,0.7774746703898837,0.8485298684571085,,,15.3,1.4656997857914036,30,435,0,0
lfr_mu20_i09,lfr,0.2,0.2430623892934461,9.0,slpa,,,0.6583650364973088,0.013449510750719384,,,0.9058513538134673,0.034913422294340045,30,,,,0.9684433742745384,0.8182586784512546,,,,,,,0.9582581364475669,0.9787206207103752,0.8023015289821531,0.8464491039853151,23.53333333333333,3.277228994906745,30,435,0,0
lfr_mu30_i00,lfr,0.3,0.3322753421940091,0.0,flpa,0.6022223729840357,0.005535747996449848,,,0.9878502502710336,0.010723339357286534,0.9623966083885561,0.026663388560148146,30,0.1963596355610003,0.0197033800805029,0.9765564828160876,0.9186754432897812,,0.1384458989330922,0.2467532869344778,0.0138921227851749,0.0247600469653196,0.9704506355855133,0.9835306385248384,0.8905727059125333,0.9495182642574376,,,21.3,1.3429252681597996,30,435,0,0
lfr_mu30_i00,lfr,0.3,0.3322753421940091,0.0,lpa,0.5917225933748079,0.011166327733264775,,,0.9751410741115883,0.015619631992804618,0.9109567470647862,0.047384849258855465,30,0.3804689629851946,0.0381775234259041,0.9559969384264098,0.9002168214182349,,0.2884738493059912,0.4474916535859166,0.0289464272019181,0.0449028035128787,0.9482841951634752,0.9666386881012444,0.8783924244253305,0.9289476355247506,,,24.966666666666665,2.9882913274095726,30,435,0,0
lfr_mu30_i00,lfr,0.3,0.3322753421940091,0.0,semi_sync_lpa,0.5715286997345826,0.04694476391326722,,,0.9239414380344516,0.07080652683914379,0.8554758743026881,0.06704603140951108,30,1.083408543850246,0.1087128230858532,0.85228168973353,0.5933636765363184,,0.8169729691362583,1.2876971531903367,0.0819777897855592,0.1292118228138026,0.8118623727265267,0.8961250760799108,0.5190061764408775,0.6914533181254491,,,19.633333333333333,3.428916922931761,30,435,0,0
lfr_mu30_i00,lfr,0.3,0.3322753421940091,0.0,slpa,,,0.5635954716768362,0.015265751196188738,,,0.853752320466101,0.03589001728981889,30,,,,0.8356789345528022,0.746201215192184,,,,,,,0.8111118969145291,0.8724570106322574,0.7379037497758654,0.7747769208221158,32.96666666666667,3.828057338717088,30,435,0,0
lfr_mu30_i01,lfr,0.3,0.3299603174603174,1.0,flpa,0.6079982533908626,0.005795773949383871,,,0.9890851957732454,0.012844348051525366,0.9774307203875495,0.02227096868603681,30,0.181410937434862,0.0182033779031384,0.9784219080874486,0.919787111202424,,0.1060658263372735,0.2441759062567385,0.0106429984141353,0.0245014240005715,0.9708294757680044,0.9875475549228668,0.8830043897469045,0.9585966687012984,,,21.83333333333333,0.8742813140471172,30,435,0,0
lfr_mu30_i01,lfr,0.3,0.3299603174603174,1.0,lpa,0.5980672070525741,0.013897362507043666,,,0.9747050932844323,0.024397838340432004,0.9363246434447695,0.058572856133970154,30,0.4049288215941484,0.0406319071362358,0.9534783835586128,0.8793997032965162,,0.2684866567550369,0.5254840753404716,0.0269408457062685,0.0527288229737444,0.939965380808946,0.968911317866994,0.8348616348046775,0.9256016217018258,,,24.866666666666667,4.811862735833779,30,435,0,0
lfr_mu30_i01,lfr,0.3,0.3299603174603174,1.0,semi_sync_lpa,0.5654291993417737,0.05665905286423614,,,0.9048975610814499,0.08493663452153453,0.8659859623076771,0.07677595140060862,30,1.2375724718886283,0.1241821452821654,0.8266646586337758,0.5120667419523386,,0.960571729123844,1.4379919696028225,0.0963869678176979,0.1442929054581258,0.7869781180669335,0.8736109470397806,0.4495745603859801,0.6166072263280159,,,19.166666666666668,3.0522273758720835,30,435,0,0
lfr_mu30_i01,lfr,0.3,0.3299603174603174,1.0,slpa,,,0.5676539784191926,0.021434216801248105,,,0.8556527837394063,0.05606926459246847,30,,,,0.8350621959769102,0.7499501280260227,,,,,,,0.797667228153593,0.8825364417587899,0.7309798391083493,0.7861106659113944,32.63333333333333,3.285110960529112,30,435,0,0
lfr_mu30_i02,lfr,0.3,0.3296960249415432,2.0,flpa,0.6110782569320371,0.00537505828502203,,,0.988840008220771,0.009310875140478587,0.963323744751556,0.02521011238973942,30,0.1884891937807438,0.0189136337288415,0.978710946815872,0.934964445664936,,0.1330526798712303,0.2371379811731228,0.0133509492149058,0.0237952151481034,0.9731124513031132,0.985055931294838,0.9132244239606724,0.958970351431715,,,24.666666666666668,1.2410599844719314,30,435,0,0
lfr_mu30_i02,lfr,0.3,0.3296960249415432,2.0,lpa,0.6033707004400531,0.01118299768835771,,,0.981092376426897,0.014405923572879556,0.9298231859234867,0.04522060830452323,30,0.3162760753194398,0.0317361951940106,0.9650966843553764,0.9233012702159248,,0.2270631326139764,0.3825361970427138,0.0227842712754117,0.038384956579028,0.9579268096035052,0.9749172992235882,0.9029455367054812,0.9485299673549916,,,27.466666666666665,3.224190177215137,30,435,0,0
lfr_mu30_i02,lfr,0.3,0.3296960249415432,2.0,semi_sync_lpa,0.5710629280474304,0.05176164236938081,,,0.9116180452721412,0.07886459183677239,0.8451939939003633,0.0733111395225446,30,1.2878098106389706,0.1292231272375606,0.8316180477459509,0.5298584525401728,,0.9825917693321646,1.5065479213251245,0.0985965320205083,0.151172038074694,0.7901387256667982,0.8792386694095378,0.4542517923328567,0.641820899793764,,,22.766666666666666,3.766305546721398,30,435,0,0
lfr_mu30_i02,lfr,0.3,0.3296960249415432,2.0,slpa,,,0.5751810098650807,0.017556707037685523,,,0.8788077717410858,0.04537456517421934,30,,,,0.8355938952243699,0.7870369311109837,,,,,,,0.8012694998855996,0.8797578584677536,0.7703598167468468,0.819201034897841,35.0,4.510524092187835,30,435,0,0
lfr_mu30_i03,lfr,0.3,0.3331367924528302,3.0,flpa,0.6042642726998537,0.013635737369806264,,,0.986883511994749,0.022275744217585852,0.9725544723218486,0.03185396208973739,30,0.218664858072954,0.0219415604258554,0.9740703066515022,0.890758940691779,,0.1117476932765459,0.3395278911185846,0.0112131358741661,0.0340693598637427,0.9591155682734824,0.9871565595906808,0.8205902464201065,0.9550558244870084,,,22.866666666666667,1.0416609195243756,30,435,0,0
lfr_mu30_i03,lfr,0.3,0.3331367924528302,3.0,lpa,0.5974632616371155,0.016764921358569045,,,0.9797179221869923,0.023046994491420707,0.9366495461327509,0.048511332581460946,30,0.3224283551728887,0.0323535354532131,0.9631335286825916,0.8841858215651697,,0.2034538699198946,0.4408264550237889,0.0204152391932686,0.0442339952814597,0.9488711448352088,0.9769687381929766,0.8229529952585622,0.9358204469331162,,,25.5,2.177470851778464,30,435,0,0
lfr_mu30_i03,lfr,0.3,0.3331367924528302,3.0,semi_sync_lpa,0.5788716467529962,0.02525541597173133,,,0.9263222799739628,0.04105365184764593,0.8469726131682422,0.060518006900693117,30,1.1101044568962983,0.1113915799486862,0.8594896376678416,0.5922078778739452,,0.8874632493657543,1.2457358429687742,0.0890510193695052,0.1250012851357853,0.838946815230193,0.8897598820474476,0.5365410790890082,0.6767181342641189,,,21.83333333333333,3.006697504747937,30,435,0,0
lfr_mu30_i03,lfr,0.3,0.3331367924528302,3.0,slpa,,,0.5640632933988206,0.016385080630051296,,,0.8645287815593726,0.027249514443307823,30,,,,0.8422078745918349,0.7635189705185879,,,,,,,0.8199295109370078,0.8756237370739175,0.7586149650035303,0.7863575952847822,35.666666666666664,3.230600812417932,30,435,0,0
lfr_mu30_i04,lfr,0.3,0.3313765182186234,4.0,flpa,0.6050299689390091,0.010587496921947343,,,0.9787146002664088,0.01804405621989465,0.9413792945205209,0.04355426562617434,30,0.3639495984366229,0.036519915346428,0.958445030514294,0.8650070265700851,,0.2553153748463873,0.4462828420141926,0.0256191953943185,0.0447815073321472,0.9489445275655168,0.9710326022875152,0.8300328687069105,0.9083980126931328,,,24.33333333333333,1.688364508227912,30,435,0,0
lfr_mu30_i04,lfr,0.3,0.3313765182186234,4.0,lpa,0.5930092752708618,0.019139764778166982,,,0.9657961358608378,0.027218708751981846,0.8863498877824797,0.06957991977292823,30,0.5671320235746817,0.0569079168658637,0.9380853033532456,0.856542466093012,,0.4093160855245791,0.692859928519377,0.0410721398168872,0.0695238737593114,0.9252373077111306,0.954834735182896,0.8160514795804823,0.9024128383017926,,,30.73333333333333,7.14834600272767,30,435,0,0
lfr_mu30_i04,lfr,0.3,0.3313765182186234,4.0,semi_sync_lpa,0.5619944106607222,0.04746315607742503,,,0.8874102452043336,0.07572830602924881,0.7960019550576678,0.06986298706956973,30,1.6061984712843127,0.1611713062820699,0.7878029553062887,0.4555705898841704,,1.3369201502688508,1.77891654332551,0.1341510223461738,0.1785024131079542,0.7494926638768414,0.8332843892509914,0.402948504045337,0.5439584131837824,,,22.133333333333333,3.892816844973026,30,435,0,0
lfr_mu30_i04,lfr,0.3,0.3313765182186234,4.0,slpa,,,0.5488244284017294,0.018120131390507374,,,0.8036450242843449,0.03409577342778187,30,,,,0.7421545086914079,0.68255339264966,,,,,,,0.7209645902937991,0.782597767440624,0.6783462060854778,0.7101310124858875,41.833333333333336,3.887054849407048,30,435,0,0
lfr_mu30_i05,lfr,0.3,0.3335996803835397,5.0,flpa,0.610912842796129,0.007518634327966373,,,0.9897041825812735,0.013332387398295368,0.9691061253734312,0.030321502806527966,30,0.181462053734465,0.0182085070829543,0.979613703032154,0.9346022791636706,,0.1025475090545876,0.2565482906104556,0.0102899587353515,0.0257429102700224,0.9711103162083228,0.9885668339977542,0.898156819409367,0.9685245496918662,,,24.466666666666665,1.224275530553741,30,435,0,0
lfr_mu30_i05,lfr,0.3,0.3335996803835397,5.0,lpa,0.6065962268902301,0.008341479477082744,,,0.9836082344668793,0.013252515876159752,0.9408944122447679,0.04019122150600725,30,0.2762507024365837,0.0277199159188855,0.9693498936548558,0.918344986757447,,0.1999479083589706,0.3406086319203174,0.0200634393287743,0.0341778049966959,0.962270821060758,0.9777706949462556,0.8932706954173979,0.9465216089559964,,,26.6,3.440128305546276,30,435,0,0
lfr_mu30_i05,lfr,0.3,0.3335996803835397,5.0,semi_sync_lpa,0.589547735818629,0.02076129473930804,,,0.9368717130173372,0.04134872639691998,0.8597174108125392,0.07071077657023034,30,1.0087875068089869,0.1012250996001959,0.8770734787373173,0.6278879849204169,,0.7948381438076927,1.1665647130328298,0.0797567076613322,0.1170569901686754,0.8548374021674106,0.9056034780109584,0.5761298517556266,0.7036623399457019,,,23.1,3.651641104848708,30,435,0,0
lfr_mu30_i05,lfr,0.3,0.3335996803835397,5.0,slpa,,,0.5718049991550512,0.018840574372874175,,,0.8717505059970118,0.034497829324781,30,,,,0.8656776374350138,0.7754312213870652,,,,,,,0.8484184176259222,0.8913387990322688,0.7652541868089429,0.8006838681275084,36.93333333333333,4.03376553208241,30,435,0,0
lfr_mu30_i06,lfr,0.3,0.3325879243748729,6.0,flpa,0.6067387723679686,0.008212356596528782,,,0.982549996245734,0.01459940381932152,0.9561714553469863,0.028971098686410273,30,0.2985569817473887,0.0299582023069559,0.9666489103785816,0.8927611283456929,,0.2124146792628253,0.3695243178154495,0.0213143966591514,0.0370793012632401,0.9586161350597028,0.9764492377603816,0.8545532153799158,0.9339127723458036,,,25.83333333333333,1.4641305136221772,30,435,0,0
lfr_mu30_i06,lfr,0.3,0.3325879243748729,6.0,lpa,0.6022065174192868,0.011978888531904534,,,0.9750208839933749,0.01857827145026523,0.9257686461846932,0.04811926478797445,30,0.4087033367257185,0.0410106545607992,0.9552191216664816,0.8970200456694332,,0.3006750954899521,0.4850402205131051,0.0301707408972024,0.0486705518259721,0.946928218521202,0.966860079054458,0.8759025541047344,0.9257566058287878,,,28.566666666666663,3.6453402786470335,30,435,0,0
lfr_mu30_i06,lfr,0.3,0.3325879243748729,6.0,semi_sync_lpa,0.5737050318844897,0.022899158592639555,,,0.9047690502894682,0.045150744940996766,0.8213980842002696,0.05261238671448843,30,1.446680587451887,0.1451647503226025,0.8206799126257277,0.5015165185606725,,1.2093587859841788,1.5782960174441574,0.1213510900336716,0.1583714810958978,0.7992499967542048,0.85377006924883,0.4584766735722986,0.5846983231748413,,,24.03333333333333,3.242852440988179,30,435,0,0
lfr_mu30_i06,lfr,0.3,0.3325879243748729,6.0,slpa,,,0.5647662913811655,0.01682447301103922,,,0.8344047686065601,0.03456883732780197,30,,,,0.7789241699327781,0.7274008388081487,,,,,,,0.7347470932310758,0.8337916440612321,0.7205099358600581,0.7540231165211038,38.73333333333333,3.8945880516370432,30,435,0,0
lfr_mu30_i07,lfr,0.3,0.3336596827883297,7.0,flpa,0.5915345967421775,0.009365325022125582,,,0.9762048523590691,0.016894281385189093,0.9318140317412567,0.03479880688471465,30,0.3650613427280922,0.0366314714728415,0.9568393816290762,0.852434272925574,,0.2642916094307411,0.4357776883296148,0.0265199006803208,0.0437273852094412,0.9484426350577998,0.9688037544691096,0.8200226115056564,0.8965624306156822,,,23.6,1.5668989800855393,30,435,0,0
lfr_mu30_i07,lfr,0.3,0.3336596827883297,7.0,lpa,0.5798278698651546,0.020265496677972405,,,0.9619522522496546,0.029617854925486152,0.8850526388828114,0.05280715880610071,30,0.5409008515549186,0.0542757936660736,0.936165019571128,0.8036629326422584,,0.4052959667313599,0.647139003281219,0.0406687477025901,0.0649360837839128,0.92240984338996,0.9531763402725564,0.7441737879501014,0.8718305927987382,,,27.166666666666668,3.9311605142127872,30,435,0,0
lfr_mu30_i07,lfr,0.3,0.3336596827883297,7.0,semi_sync_lpa,0.5483318366756899,0.052190418165230505,,,0.8900503050980663,0.0798735130941634,0.8107374480832343,0.07277571165750482,30,1.4466110827799117,0.1451577759922346,0.7996447436630848,0.4814797437709242,,1.1600628206139667,1.6125125018714914,0.1164045686197894,0.1618048771488301,0.764935238530204,0.8478874623949116,0.4268902763817273,0.5858250128765118,,,20.966666666666665,3.662327631187701,30,435,0,0
lfr_mu30_i07,lfr,0.3,0.3336596827883297,7.0,slpa,,,0.5491980776163933,0.02479308112165564,,,0.8403232168505633,0.04889646407430372,30,,,,0.744050622522047,0.730066594912938,,,,,,,0.7003836931023367,0.809898745538208,0.7163106365892427,0.762268624377576,35.46666666666667,4.360744426588537,30,435,0,0
lfr_mu30_i08,lfr,0.3,0.3337301587301587,8.0,flpa,0.5976222344261779,0.007418219743800034,,,0.9798576548337768,0.016291528619568663,0.9480372129099042,0.03788522810204733,30,0.3299474599981817,0.033108027484198,0.9601414716664468,0.8662716652374038,,0.2321302955716434,0.4031440319115106,0.0232927272898034,0.0404528153927606,0.9508786377651932,0.9722741393179452,0.8304464987561854,0.9134561261417884,,,21.03333333333333,1.5196036990935664,30,435,0,0
lfr_mu30_i08,lfr,0.3,0.3337301587301587,8.0,lpa,0.5818263560825565,0.015282942488820353,,,0.9580661809632669,0.027793197783293644,0.8763521198540194,0.055353940411652064,30,0.6526037505504503,0.0654844347328333,0.923619229933946,0.8065361057407053,,0.5012412029856019,0.771169749795889,0.0502962123871214,0.0773817421457499,0.9086422764982284,0.9418684867615972,0.7540443297414601,0.8669157123175407,,,26.166666666666668,4.086000770784383,30,435,0,0
lfr_mu30_i08,lfr,0.3,0.3337301587301587,8.0,semi_sync_lpa,0.5599806272045854,0.04652964736091774,,,0.8988534222917395,0.0759743842900641,0.8262710220789248,0.07456260684256794,30,1.3593008517652003,0.136396776504308,0.8091433833206162,0.5039574526308401,,1.0829622519762578,1.5423567173200403,0.1086680406722227,0.1547652119757213,0.7749929865858399,0.8554573877961917,0.4436802311736858,0.6068200471539597,,,18.666666666666668,3.77225198753626,30,435,0,0
lfr_mu30_i08,lfr,0.3,0.3337301587301587,8.0,slpa,,,0.5475608467195928,0.017525009777728723,,,0.8080719176419824,0.05295090020974618,30,,,,0.7368057054238643,0.6822415943605349,,,,,,,0.7008243788505292,0.7967737867457348,0.6704985487072382,0.7194954052599775,36.0,3.850660489694794,30,435,0,0
lfr_mu30_i09,lfr,0.3,0.33,9.0,flpa,0.6002104866666667,0.007152162799586455,,,0.9853984978176129,0.013259526089740925,0.9590702165970497,0.029862387436428637,30,0.2395254343813096,0.0240347801577396,0.971408025936277,0.9107891903966332,,0.1627670740264608,0.3042308158652771,0.0163325905294748,0.0305275337269246,0.9633744674596924,0.9806748941067754,0.8805948165637508,0.9446110224014644,,,21.5,1.3833991121322422,30,435,0,0
lfr_mu30_i09,lfr,0.3,0.33,9.0,lpa,0.5932842939999999,0.012923513629593689,,,0.9758609189026762,0.02253206813520807,0.9208153624419545,0.05170016103423451,30,0.3878869371954618,0.0389218676740216,0.954789033321939,0.8867457116460319,,0.2639002563631705,0.5040728079564063,0.0264806310095762,0.0505803450644825,0.9413561377228024,0.9691134633412528,0.8530080679953699,0.9272980388556776,,,23.966666666666665,2.579539297724644,30,435,0,0
lfr_mu30_i09,lfr,0.3,0.33,9.0,semi_sync_lpa,0.5493845079999999,0.052200032993317255,,,0.8861960430042147,0.06842679980966176,0.8014063857160355,0.052548091248554286,30,1.515531542741544,0.1520734845800379,0.7886416581280121,0.4703480175027663,,1.2919385567755448,1.6321366948517266,0.129637419381424,0.1637740340580799,0.7610488012252871,0.8292732308455547,0.4236945991200631,0.5567131732762306,,,19.466666666666665,2.7883171705668923,30,435,0,0
lfr_mu30_i09,lfr,0.3,0.33,9.0,slpa,,,0.5544030353657408,0.020283695949860406,,,0.8482079731532622,0.0377633250829511,30,,,,0.8118250204681602,0.7330333304240794,,,,,,,0.7833801085390121,0.8538000325255011,0.7247070925858825,0.7615033111820924,35.1,4.794752879180928,30,435,0,0
lfr_mu40_i00,lfr,0.4,0.4361702127659574,0.0,flpa,0.3729999233692517,0.1756748966635781,,,0.6959141481267311,0.32866086852923737,0.7557913587095081,0.1332619257461233,30,2.1484924392331792,0.21558688988882,0.5382869613623146,0.289475397092078,,1.7471065732004685,2.308279014943587,0.17531049471835,0.2316204072865756,0.4380778156790269,0.6905719599260676,0.2653840398841201,0.3847746726064397,,,14.633333333333333,7.00484233169841,30,435,5,135
lfr_mu40_i00,lfr,0.4,0.4361702127659574,0.0,lpa,0.4082976777418377,0.0559575265119885,,,0.7710992893035704,0.08762400975564873,0.7280298543972117,0.05599582368152394,30,2.0249238305966504,0.2031876039814673,0.6808970590755326,0.3101405849298836,,1.7623251788631935,2.1497435705577352,0.1768375803172373,0.2157124325745555,0.6651080120095868,0.7183492177722252,0.3013952693852211,0.3670648794010275,,,21.0,11.444016656811511,30,435,0,0
lfr_mu40_i00,lfr,0.4,0.4361702127659574,0.0,semi_sync_lpa,0.22453356236069547,0.14169368569108268,,,0.4214966033078273,0.2372644902768279,0.5162328646536621,0.14225322657527267,30,1.7983917757541972,0.1804566228191417,0.3534350487044752,0.1905162734085567,,1.3523932650784165,2.104674860531153,0.135703646240851,0.2111900880465944,0.3203203379210567,0.4366647124370472,0.1720795169542283,0.2716671850319877,,,7.833333333333333,5.119828481322487,30,435,0,0
lfr_mu40_i00,lfr,0.4,0.4361702127659574,0.0,slpa,,,0.37561359281051737,0.037129876848391884,,,0.5709484486730133,0.04700199564478762,30,,,,0.3381468431082428,0.4275241512114977,,,,,,,0.327171730434983,0.4025544671192334,0.4300640052467763,0.4684642640207783,42.06666666666667,6.892941583834939,30,435,0,0
lfr_mu40_i01,lfr,0.4,0.4347569376107065,1.0,flpa,0.4473557006037067,0.12180885101435462,,,0.831421963431642,0.22731492761465621,0.8079251437503185,0.13652432224167155,30,1.7483742902601216,0.1754377016720068,0.7098059311461595,0.4376919138732202,,1.295632805498452,2.0765644194869624,0.1300081126071036,0.2083693927313793,0.586933757014161,0.8343085573726365,0.3544826133388665,0.5620749471750546,,,19.5,5.538268122175329,30,435,1,29
lfr_mu40_i01,lfr,0.4,0.4347569376107065,1.0,lpa,0.4672332629172929,0.07199699408612116,,,0.8666790036521044,0.12639382850943634,0.7759644006737579,0.07979081545598016,30,1.6376442683125263,0.1643266823297544,0.7822165514059396,0.5329273925952281,,1.344754707317916,1.9105842889311184,0.1349371679043435,0.1917143934042017,0.7062378604760727,0.8416976932040467,0.4630100449565645,0.6323760909073777,,,27.133333333333333,7.500498067753089,30,435,0,0
lfr_mu40_i01,lfr,0.4,0.4347569376107065,1.0,semi_sync_lpa,0.32987916167455456,0.10562429984408005,,,0.6001788046462617,0.15792581464353297,0.6152780205707046,0.06838500186034202,30,2.317972877475495,0.2325931217518914,0.4706859375810218,0.194593446804074,,1.994734276144008,2.4341880217128624,0.2001582834994751,0.2442545365405126,0.4516265890340129,0.5328287381430212,0.1917501693105611,0.261624637034465,,,11.866666666666667,4.717782451996681,30,435,0,0
lfr_mu40_i01,lfr,0.4,0.4347569376107065,1.0,slpa,,,0.40702680533405144,0.023579256661479163,,,0.6107922039497565,0.03156880609785311,30,,,,0.3900734392000655,0.4770090561534885,,,,,,,0.3817324580358261,0.4458071075744927,0.4823405518733828,0.5103516665648365,42.266666666666666,5.2518196080408455,30,435,0,0
lfr_mu40_i02,lfr,0.4,0.4346116027531956,2.0,flpa,0.4622077439993399,0.08915273122902805,,,0.8660410165701254,0.16934728870200028,0.8403705895862483,0.08135558346240714,30,1.5372417392296096,0.1542519580315934,0.7670058539063788,0.4600917540925522,,1.2077069242281795,1.8556618819188844,0.1211853367212563,0.1862032960892856,0.6644679177794842,0.8450992210032751,0.3988424582711432,0.5525790547942222,,,19.2,3.9339372222959423,30,435,1,29
lfr_mu40_i02,lfr,0.4,0.4346116027531956,2.0,lpa,0.45708344895221104,0.05633524746900307,,,0.8556611964374289,0.09763703155979925,0.7670683776610507,0.06716132485971917,30,1.7711918458514804,0.1777272912255833,0.765803855369213,0.4703758634000865,,1.487011850295122,1.946649562225764,0.149211723615543,0.1953333030920375,0.7133817529674883,0.819925284179699,0.4067618495119828,0.580286933792509,,,27.166666666666668,9.195513648751104,30,435,0,0
lfr_mu40_i02,lfr,0.4,0.4346116027531956,2.0,semi_sync_lpa,0.3151341091964302,0.1282095316244307,,,0.5742855888315147,0.19888200842865994,0.5905829100441748,0.08813465839331626,30,2.3742801653646426,0.238243182628265,0.4399322210833717,0.1945642158100539,,1.9736063411124949,2.556609562557731,0.1980382361025,0.2565387218437489,0.4114787763675504,0.5157838312880567,0.1884558006156247,0.2666377708853522,,,11.433333333333334,5.975140069536002,30,435,0,0
lfr_mu40_i02,lfr,0.4,0.4346116027531956,2.0,slpa,,,0.4181644749194858,0.020211218560667727,,,0.6602032681192552,0.05302219525730423,30,,,,0.4304416187785925,0.5193110890290636,,,,,,,0.4206971321522899,0.4846962766418036,0.5184920278413591,0.5555468758547668,39.23333333333333,5.48781303927375,30,435,0,0
lfr_mu40_i03,lfr,0.4,0.4315645192872528,3.0,flpa,0.3794580495380707,0.18930447761212024,,,0.7173107219026267,0.35598016180186365,0.7773508749315454,0.15971798375966745,30,2.0577907283842656,0.2064855780142987,0.5456390665485352,0.3368801033284166,,1.5936032347762417,2.252946156149952,0.1599074582849328,0.2260681238723344,0.431942738247748,0.7141157539384564,0.2832402815318026,0.4581392854930837,,,14.0,6.690188389698393,30,435,5,135
lfr_mu40_i03,lfr,0.4,0.4315645192872528,3.0,lpa,0.42304813982280415,0.08966332502736929,,,0.7913539383268938,0.14882552563535567,0.748793158751747,0.08668967207553463,30,2.00941670677323,0.2016315675090255,0.6773695014049322,0.3430553191180308,,1.735510795620647,2.1449609026832293,0.1741469357601586,0.2152325237447138,0.6125982378399007,0.7498072181596431,0.3076626823391,0.4262459431216267,,,19.03333333333333,7.23250961992439,30,435,0,0
lfr_mu40_i03,lfr,0.4,0.4315645192872528,3.0,semi_sync_lpa,0.216704271300264,0.1424670462038566,,,0.4117058955210526,0.22457657365041442,0.5226520066523245,0.09866229772802997,30,1.844675633938244,0.1851008993619604,0.3108089137338328,0.161273580343062,,1.4025894725812031,2.143015664234696,0.1407405009498217,0.2150373320374714,0.2658676017286572,0.4116996503894929,0.1479483120160402,0.2455058374228107,,,7.4,4.583328108669958,30,435,2,57
lfr_mu40_i03,lfr,0.4,0.4315645192872528,3.0,slpa,,,0.3824589729924301,0.049116102733538086,,,0.6346827701858451,0.035999118126169224,30,,,,0.3451663161913744,0.4830495228421987,,,,,,,0.3217265164768761,0.4174013029769734,0.4832482216686944,0.5204061985927186,37.0,7.158308411234097,30,435,0,0
lfr_mu40_i04,lfr,0.4,0.436330718165359,4.0,flpa,0.4988581779416842,0.014657327026520528,,,0.9335127954813528,0.04039725150979445,0.877835156854317,0.054496174473374986,30,1.0363067897617548,0.1039864761428451,0.8791467093970431,0.6176413933878657,,0.829339534057717,1.181756526348893,0.0832186921137875,0.1185813873342295,0.8591924423999696,0.9049477389601924,0.5658870397387761,0.6923907249165554,,,25.33333333333333,2.6565901573949677,30,435,0,0
lfr_mu40_i04,lfr,0.4,0.436330718165359,4.0,lpa,0.4748218477603951,0.016012519041753655,,,0.8805913634331873,0.03908850487480028,0.7449369099351687,0.06251037779761838,30,1.7699997555002371,0.177607672907828,0.8060436726982729,0.5002030159145205,,1.5463269302075089,1.8448211365998133,0.1551635963651546,0.1851154995838208,0.7960618553963409,0.83112565223885,0.4648876056145888,0.5725748549399271,,,38.73333333333333,9.787160249384211,30,435,0,0
lfr_mu40_i04,lfr,0.4,0.436330718165359,4.0,semi_sync_lpa,0.35092353257692305,0.1298258517558749,,,0.6160977745243602,0.20976062173300808,0.6039040430450561,0.10167476198463175,30,2.618457966803481,0.2627447967977229,0.4549361117893015,0.169568656068307,,2.297075087076496,2.7047229004646,0.2304961678341589,0.2714009076663763,0.4044236304335196,0.5439027638056956,0.1666042393610895,0.2352918872741063,,,14.8,7.322144023675598,30,435,0,0
lfr_mu40_i04,lfr,0.4,0.436330718165359,4.0,slpa,,,0.4301532843435668,0.017731399679049364,,,0.6523370331756839,0.033976743520096594,30,,,,0.4781705606021943,0.5299827867104302,,,,,,,0.4586723496879545,0.534970507149837,0.5312750665744366,0.5611413262651538,47.23333333333333,6.229425906649566,30,435,0,0
lfr_mu40_i05,lfr,0.4,0.4358407079646018,5.0,flpa,0.5021676078989512,0.009986414062866558,,,0.9379607093666475,0.03377519178847358,0.8863769973485167,0.04824717887691945,30,0.969492614178827,0.0972821191475047,0.8876259678331123,0.6458683831591503,,0.7804927002345075,1.0835377474980392,0.0783172380557875,0.1087257878103649,0.8720461362937062,0.9108657923705346,0.5953434549483554,0.7221764308917977,,,25.23333333333333,2.5418338931232083,30,435,0,0
lfr_mu40_i05,lfr,0.4,0.4358407079646018,5.0,lpa,0.47134220068964366,0.015347233621779687,,,0.8704204139700756,0.03526528649675669,0.7562435680634819,0.06538252524061887,30,1.8399332597836389,0.1846250337382279,0.7900560049931742,0.4457654289000868,,1.63754341231976,1.9237513535587485,0.1643165621033994,0.1930356205401226,0.7818198714795415,0.8119949671026686,0.4253797516730179,0.5088802891172851,,,33.1,8.09576304682547,30,435,0,0
lfr_mu40_i05,lfr,0.4,0.4358407079646018,5.0,semi_sync_lpa,0.31041001639214455,0.13752104807934065,,,0.556875498748278,0.21971844264435256,0.5932234177820611,0.10641306356944011,30,2.484051480544165,0.2492580021391053,0.4090256884557003,0.1569180075062618,,2.122759073207937,2.6278913876796715,0.213004718201154,0.2636913776795416,0.3722547286378442,0.4952553976243823,0.1583203944682408,0.2188654523646463,,,13.1,8.330873200083055,30,435,0,0
lfr_mu40_i05,lfr,0.4,0.4358407079646018,5.0,slpa,,,0.42711875078008277,0.015272487244849477,,,0.6744249925815662,0.04122025983123113,30,,,,0.4351186700332935,0.5415138152914456,,,,,,,0.4164735923552664,0.4970642245858569,0.5411406271278266,0.5740109206967982,46.1,5.108140899414958,30,435,0,0
lfr_mu40_i06,lfr,0.4,0.4368093228852722,6.0,flpa,0.3987515661588548,0.18442403704112936,,,0.7488146894687807,0.34711657755953007,0.7815810511646181,0.14308880995815043,30,2.078509556357992,0.2085645742459966,0.5857633301619067,0.3967294355501051,,1.491485208319267,2.356089138422035,0.1496605952644136,0.2364178343743795,0.4750840238266071,0.761486487863627,0.3262248092590625,0.5359643775807794,,,15.666666666666666,7.009025380294266,30,435,5,135
lfr_mu40_i06,lfr,0.4,0.4368093228852722,6.0,lpa,0.4359187874698464,0.060036840479111085,,,0.8090208824074171,0.10223366663146743,0.7224749782117023,0.08110924533837616,30,2.1746468545665847,0.2182113110669564,0.6893718060407713,0.3470312255690759,,1.9048363359315477,2.284167577375224,0.1911376246486891,0.2292009853043566,0.6508156140142687,0.7484931615450443,0.3062635815894239,0.4449941912988956,,,22.433333333333334,9.23891071849749,30,435,0,0
lfr_mu40_i06,lfr,0.4,0.4368093228852722,6.0,semi_sync_lpa,0.179774185148273,0.16418392397015572,,,0.332016490025886,0.27083626308775904,0.47687281374922713,0.11974561544614933,30,1.799456283930329,0.1805634391163569,0.2187716711229826,0.122248458351868,,1.1790336019025354,2.196994968622312,0.1183081600228028,0.220453795292721,0.2021825055407795,0.303109375495409,0.1160227560342161,0.2096152386949965,,,6.066666666666666,5.400723663728225,30,435,5,135
lfr_mu40_i06,lfr,0.4,0.4368093228852722,6.0,slpa,,,0.39072743127827714,0.038985525073728364,,,0.6178370362908974,0.05122297494765367,30,,,,0.3462310949332131,0.4747015458129632,,,,,,,0.3279802531000216,0.4188387163208512,0.473786787705784,0.5144192116757929,40.0,5.5646668580768885,30,435,0,0
lfr_mu40_i07,lfr,0.4,0.4370971095861926,7.0,flpa,0.2839912933576016,0.21935493656398203,,,0.5187796257064171,0.4000418380498251,0.6567540005133535,0.1496879015495828,30,2.484906869121272,0.2493438346789911,0.3851477112432189,0.2472213743074859,,2.163277916778077,2.5415254482667766,0.2170705139692302,0.2550251315572152,0.3426938677630554,0.4945881019615986,0.2242319395745325,0.3377540307943037,,,11.666666666666666,8.790015234121723,30,435,10,245
lfr_mu40_i07,lfr,0.4,0.4370971095861926,7.0,lpa,0.359936027448361,0.08900907599576847,,,0.6868392929246817,0.13575049306171344,0.6765249299854228,0.06400253245008021,30,2.0959846780016984,0.2103180861768741,0.604393904512583,0.282956046207339,,1.7693064978329862,2.2402760772715227,0.1775381091236392,0.2247967659423891,0.5784651516309703,0.6583365038388103,0.2748380451806557,0.3506107128524026,,,16.766666666666666,9.943576451341748,30,435,0,0
lfr_mu40_i07,lfr,0.4,0.4370971095861926,7.0,semi_sync_lpa,0.12163397376943481,0.11559079977822635,,,0.24035090670200454,0.18953893379107647,0.4521154271768666,0.10305271103325621,30,1.0546352329246065,0.1058256131981253,0.2644069564080706,0.2107925355898023,,0.670623658136267,1.4105172743271446,0.0672926123003078,0.1415360029915569,0.236015993277662,0.3611140789119393,0.179375292081626,0.313003315483938,,,4.233333333333333,3.276702856408466,30,435,6,159
lfr_mu40_i07,lfr,0.4,0.4370971095861926,7.0,slpa,,,0.34855412393052465,0.028297808142472854,,,0.5248870528253495,0.03567314188649808,30,,,,0.299575657866319,0.3992346689417663,,,,,,,0.2993767866938145,0.3536815941198404,0.4056603663964567,0.4370187806802548,52.6,9.929405996749043,30,435,0,0
lfr_mu40_i08,lfr,0.4,0.4363925940672905,8.0,flpa,0.4361012928689154,0.11499230888678132,,,0.8246131979073794,0.21368042454717454,0.8208134745653702,0.11613543550292121,30,1.690428976992352,0.1696232758714253,0.7075861295563326,0.4210344324303118,,1.303319324879762,1.988341063861808,0.1307794035724459,0.199516767277612,0.5862483099092137,0.8224741932576561,0.3474942167931339,0.5255748580025026,,,17.3,4.662025606817351,30,435,1,29
lfr_mu40_i08,lfr,0.4,0.4363925940672905,8.0,lpa,0.4143290792674223,0.06652619117963514,,,0.7842887921291829,0.09679359311397982,0.7547149558523759,0.05803778038887034,30,1.925553178328249,0.1932164216409727,0.6983384929811413,0.3429212516202675,,1.7071975907404242,2.0036598161229326,0.1713058944460496,0.2010539019198599,0.6809129600625762,0.7425623821673232,0.3313100609106422,0.4153648544799432,,,19.566666666666663,6.986111015896956,30,435,0,0
lfr_mu40_i08,lfr,0.4,0.4363925940672905,8.0,semi_sync_lpa,0.21084365690469664,0.14577915634160918,,,0.41065261129525793,0.2397717326341076,0.5452501964961993,0.13782211320404333,30,1.7500977327863785,0.1756106376374089,0.3197012501104693,0.1660316989644667,,1.3377961223289263,2.000355726660148,0.1342389203013225,0.200722358574308,0.2707640726113635,0.4198488351833622,0.148275315561636,0.2499198865333032,,,7.733333333333333,4.704607670500627,30,435,2,57
lfr_mu40_i08,lfr,0.4,0.4363925940672905,8.0,slpa,,,0.3838882486520595,0.05066380241318765,,,0.6128561546085136,0.050577358609349886,30,,,,0.3573536269538404,0.4665390759923921,,,,,,,0.3301220454826989,0.4347553929300245,0.463351884524086,0.5081192639201161,39.73333333333333,5.705008890157981,30,435,0,0
lfr_mu40_i09,lfr,0.4,0.4353492160456119,9.0,flpa,0.4263280072938293,0.1457088300661593,,,0.793654353016842,0.2716268245413265,0.7946915275486697,0.1070046438958781,30,1.911714287962808,0.1918277812720716,0.6562322080557813,0.411820409366166,,1.4445634941652743,2.2429879081644293,0.144952314128306,0.2250688800897001,0.5237583888288563,0.8096558947448007,0.3469665115250772,0.5253040927710273,,,17.9,6.17196106989309,30,435,3,84
lfr_mu40_i09,lfr,0.4,0.4353492160456119,9.0,lpa,0.4432055337605592,0.03712017477828924,,,0.8247690883356068,0.055824485118117044,0.7373776062999375,0.052214355739159446,30,1.9536950412620069,0.1960402699332811,0.7373201446050545,0.4077587184386558,,1.7615780287021967,2.000841329439762,0.1767626087806623,0.2007710855751887,0.7240990004575314,0.7699482811831837,0.3868328799002175,0.4847565001171668,,,25.466666666666665,8.601256256815182,30,435,0,0
lfr_mu40_i09,lfr,0.4,0.4353492160456119,9.0,semi_sync_lpa,0.22519499642333735,0.1316826727760552,,,0.4241572795935938,0.2116262552313874,0.5226910421480782,0.11000467010064743,30,1.9038648297983756,0.191040140486337,0.3221242467996708,0.1648487161428209,,1.4529549946564404,2.221983930781928,0.1457943452471293,0.2229612710162398,0.2748985747577651,0.4202739315608249,0.143184213565495,0.2502680210942551,,,8.166666666666666,5.546563604259124,30,435,1,29
lfr_mu40_i09,lfr,0.4,0.4353492160456119,9.0,slpa,,,0.3816562704278421,0.03696951201401051,,,0.5882693596521853,0.03652389807735927,30,,,,0.3398777838608033,0.4489551886865549,,,,,,,0.3159606797348498,0.4107983031942235,0.4526739334080724,0.486326480914316,45.4,7.299503998265202,30,435,0,0
lfr_mu50_i00,lfr,0.5,0.5124113475177305,0.0,flpa,0.013050066232561103,0.07147815652510174,,,0.025775255621364526,0.1411768892928319,0.5080756973361779,0.04423241598609032,30,0.226118996808571,0.0226895335429426,0.9333333333333332,0.9333333333333332,,0.0,0.6315737497066984,0.0,0.0633742143785639,0.8137931034482758,1.0,0.8137931034482758,1.0,,,1.5333333333333334,2.9211869733608853,30,435,29,435
lfr_mu50_i00,lfr,0.5,0.5124113475177305,0.0,lpa,0.04443351521801633,0.11565480726362794,,,0.07130187692618346,0.18684996690877392,0.5083520033848729,0.024778997655540903,30,0.6360786590587612,0.0638262519928032,0.7529322614124445,0.7490746823460317,,0.1301021957159979,1.1418892320763203,0.013054887804087,0.1145809701935605,0.5670660378795463,0.9333333333333332,0.5528762434698388,0.9333333333333332,,,2.466666666666667,3.99770048845612,30,435,26,429
lfr_mu50_i00,lfr,0.5,0.5124113475177305,0.0,semi_sync_lpa,0.018260305194508143,0.0700135011576315,,,0.018811602326302048,0.07662786030891337,0.48279002443840163,0.0796724848102403,30,0.2035889420150828,0.0204287927773449,0.8691438824033292,0.8690581908594744,,0.0,0.5099248799229611,0.0,0.051167561464055,0.6999207656843428,1.0,0.6994066164212138,1.0,,,1.3,1.4656997857914038,30,435,28,434
lfr_mu50_i00,lfr,0.5,0.5124113475177305,0.0,slpa,,,0.16905857386888654,0.08988345458172105,,,0.43865164947385976,0.03999871855376491,30,,,,0.1236369996096356,0.3155968021305401,,,,,,,0.1246914870565517,0.1953596197587733,0.3219997277113893,0.3584003736911751,37.1,9.876303929625944,30,435,0,0
lfr_mu50_i01,lfr,0.5,0.5132900177200236,1.0,flpa,0.013205530604245789,0.07232966995770244,,,0.024223843916725996,0.13267945742675125,0.5041438855190888,0.022696995745240013,30,0.2290870865011328,0.0229873615520367,0.9333333333333332,0.9333333333333332,,0.0,0.6398639312617846,0.0,0.0642060788177576,0.8137931034482758,1.0,0.8137931034482758,1.0,,,1.4666666666666666,2.556038601690775,30,435,29,435
lfr_mu50_i01,lfr,0.5,0.5132900177200236,1.0,lpa,0.03541186485271245,0.10816883005547072,,,0.06662515864714516,0.20335096490183588,0.49764177901750517,0.021213909529482662,30,0.8603705659145452,0.0863324492422241,0.8107736604836919,0.8086899468848391,,0.0,1.7093500555515533,0.0,0.17152187993697,0.6568877453830434,1.0,0.648552890987632,1.0,,,6.133333333333334,17.565116946190063,30,435,27,432
lfr_mu50_i01,lfr,0.5,0.5132900177200236,1.0,semi_sync_lpa,0.0,0.0,,,0.0,0.0,0.5,0.0,30,0.0,0.0,1.0,1.0,,0.0,0.0,0.0,0.0,1.0,1.0,1.0,1.0,,,1.0,0.0,30,435,30,435
lfr_mu50_i01,lfr,0.5,0.5132900177200236,1.0,slpa,,,0.17812108289935633,0.09312573678413416,,,0.363976564512471,0.043041750901552434,30,,,,0.0924978115719338,0.2597155770983351,,,,,,,0.0986730414932156,0.1571688589650904,0.2656911400576916,0.3081678458552874,43.73333333333333,11.758880234436274,30,435,0,0
lfr_mu50_i02,lfr,0.5,0.5126221498371335,2.0,flpa,0.0,0.0,,,0.0,0.0,0.5,0.0,30,0.0,0.0,1.0,1.0,,0.0,0.0,0.0,0.0,1.0,1.0,1.0,1.0,,,1.0,0.0,30,435,30,435
lfr_mu50_i02,lfr,0.5,0.5126221498371335,2.0,lpa,0.0,0.0,,,0.0,0.0,0.5,0.0,30,0.0,0.0,1.0,1.0,,0.0,0.0,0.0,0.0,1.0,1.0,1.0,1.0,,,1.0,0.0,30,435,30,435
lfr_mu50_i02,lfr,0.5,0.5126221498371335,2.0,semi_sync_lpa,0.0,0.0,,,0.0,0.0,0.5,0.0,30,0.0,0.0,1.0,1.0,,0.0,0.0,0.0,0.0,1.0,1.0,1.0,1.0,,,1.0,0.0,30,435,30,435
lfr_mu50_i02,lfr,0.5,0.5126221498371335,2.0,slpa,,,0.18916735604997112,0.07247793911046846,,,0.3839617196094897,0.02433398456929478,30,,,,0.119853397591859,0.2837316796936806,,,,,,,0.1169890397164556,0.1889903286338247,0.291583555645199,0.3279089019564913,49.8,10.337077556727197,30,435,0,0
lfr_mu50_i03,lfr,0.5,0.5132083081266384,3.0,flpa,0.0,0.0,,,0.0,0.0,0.5,0.0,30,0.0,0.0,1.0,1.0,,0.0,0.0,0.0,0.0,1.0,1.0,1.0,1.0,,,1.0,0.0,30,435,30,435
lfr_mu50_i03,lfr,0.5,0.5132083081266384,3.0,lpa,0.0,0.0,,,0.0,0.0,0.5,0.0,30,0.0,0.0,1.0,1.0,,0.0,0.0,0.0,0.0,1.0,1.0,1.0,1.0,,,1.0,0.0,30,435,30,435
lfr_mu50_i03,lfr,0.5,0.5132083081266384,3.0,semi_sync_lpa,0.0,0.0,,,0.0,0.0,0.5,0.0,30,0.0,0.0,1.0,1.0,,0.0,0.0,0.0,0.0,1.0,1.0,1.0,1.0,,,1.0,0.0,30,435,30,435
lfr_mu50_i03,lfr,0.5,0.5132083081266384,3.0,slpa,,,0.16269580026352687,0.08494517832515348,,,0.3813444913246241,0.04001838684565458,30,,,,0.0740188500033711,0.2765075899892417,,,,,,,0.0814982376662112,0.1369337778988497,0.2812392116460317,0.3217790202218524,49.36666666666667,14.43053117127216,30,435,0,0
lfr_mu50_i04,lfr,0.5,0.5134430176565008,4.0,flpa,0.0,0.0,,,0.0,0.0,0.5,0.0,30,0.0,0.0,1.0,1.0,,0.0,0.0,0.0,0.0,1.0,1.0,1.0,1.0,,,1.0,0.0,30,435,30,435
lfr_mu50_i04,lfr,0.5,0.5134430176565008,4.0,lpa,0.0,0.0,,,0.0,0.0,0.5,0.0,30,0.0,0.0,1.0,1.0,,0.0,0.0,0.0,0.0,1.0,1.0,1.0,1.0,,,1.0,0.0,30,435,30,435
lfr_mu50_i04,lfr,0.5,0.5134430176565008,4.0,semi_sync_lpa,0.008929887840125317,0.04891101006027724,,,0.009853641662950453,0.053970618123706814,0.4968298181104653,0.017363801322925185,30,0.0931795208498764,0.0093499435858033,0.9333333333333332,0.9333333333333332,,0.0,0.2602600409944824,0.0,0.0261153596706922,0.8137931034482758,1.0,0.8137931034482758,1.0,,,1.1333333333333333,0.7302967433402213,30,435,29,435
lfr_mu50_i04,lfr,0.5,0.5134430176565008,4.0,slpa,,,0.1823475482212034,0.08459516424298529,,,0.4117879387721856,0.04217714573941623,30,,,,0.0897179037662996,0.2968526073702484,,,,,,,0.0949102476301354,0.1542079362396928,0.3021209167482956,0.341986780167121,44.9,10.623169213465962,30,435,0,0
lfr_mu50_i05,lfr,0.5,0.5139426012619581,5.0,flpa,0.0,0.0,,,0.0,0.0,0.5,0.0,30,0.0,0.0,1.0,1.0,,0.0,0.0,0.0,0.0,1.0,1.0,1.0,1.0,,,1.0,0.0,30,435,30,435
lfr_mu50_i05,lfr,0.5,0.5139426012619581,5.0,lpa,0.012616363036945986,0.069102666290097,,,0.0202383449634696,0.11084998063063368,0.5014045742809546,0.007693170173704268,30,0.2174237843649032,0.021817026954871,0.9333333333333332,0.9333333333333332,,0.0,0.6072871218467989,0.0,0.0609372132187778,0.8137931034482758,1.0,0.8137931034482758,1.0,,,1.5,2.7386127875258306,30,435,29,435
lfr_mu50_i05,lfr,0.5,0.5139426012619581,5.0,semi_sync_lpa,0.007534326123176143,0.0412672037326402,,,0.004299205078297719,0.02354771600724425,0.48503484029998145,0.08196755544367389,30,0.0666043287718406,0.0066833002671298,0.9333333333333332,0.9333333333333332,,0.0,0.1860327803627275,0.0,0.0186671490219834,0.8137931034482758,1.0,0.8137931034482758,1.0,,,1.0333333333333334,0.1825741858350553,30,435,29,435
lfr_mu50_i05,lfr,0.5,0.5139426012619581,5.0,slpa,,,0.22933833015335123,0.06510360675566833,,,0.4065871218981764,0.0364354374107519,30,,,,0.1614389112307883,0.3100701266587686,,,,,,,0.1628833710210029,0.2266937588890344,0.3175541418281216,0.3531603475091583,51.6,7.190031413292847,30,435,0,0
lfr_mu50_i06,lfr,0.5,0.5143263564316196,6.0,flpa,0.026299409970358328,0.10009212011649522,,,0.051322022922951196,0.19552861403027255,0.5125406320683538,0.048290919549454754,30,0.4717692277947599,0.0473388961991521,0.870365733753355,0.8695604829764135,,0.0,1.0692422432346906,0.0,0.1072913292815614,0.707251873784498,1.0,0.7024203691228492,1.0,,,2.2,4.574290975772584,30,435,28,434
lfr_mu50_i06,lfr,0.5,0.5143263564316196,6.0,lpa,0.0,0.0,,,0.0,0.0,0.5,0.0,30,0.0,0.0,1.0,1.0,,0.0,0.0,0.0,0.0,1.0,1.0,1.0,1.0,,,1.0,0.0,30,435,30,435
lfr_mu50_i06,lfr,0.5,0.5143263564316196,6.0,semi_sync_lpa,0.0,0.0,,,0.0,0.0,0.5,0.0,30,0.0,0.0,1.0,1.0,,0.0,0.0,0.0,0.0,1.0,1.0,1.0,1.0,,,1.0,0.0,30,435,30,435
lfr_mu50_i06,lfr,0.5,0.5143263564316196,6.0,slpa,,,0.19630955618640242,0.07781990048988227,,,0.394540043175634,0.032316733857021315,30,,,,0.1278820845375033,0.3002271959621406,,,,,,,0.1249094245913019,0.200493384847303,0.3068590630477473,0.3452080388581026,53.4,12.802478208372866,30,435,0,0
lfr_mu50_i07,lfr,0.5,0.5126182965299685,7.0,flpa,0.027292772068543154,0.1038675537423504,,,0.054680063100531466,0.20810571165719582,0.5173543868393924,0.06620037541140754,30,0.5007458665857797,0.0502465086823579,0.8705971025074731,0.8697386507494086,,0.0,1.1355965357190183,0.0,0.1139495400745093,0.708640086309207,1.0,0.703489375760819,1.0,,,2.2666666666666666,4.820454502346786,30,435,28,434
lfr_mu50_i07,lfr,0.5,0.5126182965299685,7.0,lpa,0.059141299047656956,0.1356812421247157,,,0.10640067859118238,0.24906839755296184,0.5145558614852955,0.043919152567012176,30,0.9953268293708388,0.0998744103765825,0.6998920551600075,0.6931368284387162,,0.2667441510879291,1.689273208703709,0.0267659968817972,0.1695073022304523,0.5258361184260456,0.9333333333333332,0.5066218712392043,0.9333333333333332,,,4.266666666666667,8.940158655281751,30,435,25,425
lfr_mu50_i07,lfr,0.5,0.5126182965299685,7.0,semi_sync_lpa,0.0,0.0,,,0.0,0.0,0.5,0.0,30,0.0,0.0,1.0,1.0,,0.0,0.0,0.0,0.0,1.0,1.0,1.0,1.0,,,1.0,0.0,30,435,30,435
lfr_mu50_i07,lfr,0.5,0.5126182965299685,7.0,slpa,,,0.24196251707567956,0.06890630003304149,,,0.4500109616912145,0.03578216775058198,30,,,,0.1540171647413372,0.3285908919167132,,,,,,,0.1558690044126202,0.2137898207673543,0.3343534540120919,0.3711323698707152,44.2,8.318653737234168,30,435,0,0
lfr_mu50_i08,lfr,0.5,0.5155482815057283,8.0,flpa,0.0,0.0,,,0.0,0.0,0.5,0.0,30,0.0,0.0,1.0,1.0,,0.0,0.0,0.0,0.0,1.0,1.0,1.0,1.0,,,1.0,0.0,30,435,30,435
lfr_mu50_i08,lfr,0.5,0.5155482815057283,8.0,lpa,0.011498848064623562,0.06298178470318948,,,0.02038938230396629,0.1116772462147899,0.5029177308709073,0.015981070147251475,30,0.180495468682633,0.0181115167183004,0.9333333333333332,0.9333333333333332,,0.0,0.5041425159756304,0.0,0.0505873397993908,0.8137931034482758,1.0,0.8137931034482758,1.0,,,1.3666666666666667,2.0083160441856087,30,435,29,435
lfr_mu50_i08,lfr,0.5,0.5155482815057283,8.0,semi_sync_lpa,0.0,0.0,,,0.0,0.0,0.5,0.0,30,0.0,0.0,1.0,1.0,,0.0,0.0,0.0,0.0,1.0,1.0,1.0,1.0,,,1.0,0.0,30,435,30,435
lfr_mu50_i08,lfr,0.5,0.5155482815057283,8.0,slpa,,,0.18252526645078213,0.06903334801924331,,,0.37652834679480107,0.026407157060859048,30,,,,0.1311719224669598,0.2843387431056455,,,,,,,0.1229519846495226,0.2034065313385987,0.2937301169473076,0.3269563745778259,55.3,15.08401757513218,30,435,0,0
lfr_mu50_i09,lfr,0.5,0.5135896919669821,9.0,flpa,0.0,0.0,,,0.0,0.0,0.5,0.0,30,0.0,0.0,1.0,1.0,,0.0,0.0,0.0,0.0,1.0,1.0,1.0,1.0,,,1.0,0.0,30,435,30,435
lfr_mu50_i09,lfr,0.5,0.5135896919669821,9.0,lpa,0.023099490392715676,0.08795256841342487,,,0.04046844490491196,0.1548690739296264,0.5058020064205044,0.0234645897319937,30,0.3598013206616957,0.0361036633328949,0.8702094242468785,0.8694965164365392,,0.0,0.8358889732245245,0.0,0.0838758846617827,0.7063140167456389,1.0,0.7020365698836036,1.0,,,1.8333333333333333,3.238596261828022,30,435,28,434
lfr_mu50_i09,lfr,0.5,0.5135896919669821,9.0,semi_sync_lpa,0.01111517006809063,0.0608802937679947,,,0.016052715321646125,0.08792434290874379,0.49522841831121034,0.026135029259287176,30,0.2102341868213382,0.021095598782416,0.9333333333333332,0.9333333333333332,,0.0,0.5872058321561516,0.0,0.0589221897026102,0.8137931034482758,1.0,0.8137931034482758,1.0,,,1.5666666666666669,3.103761159195942,30,435,29,435
lfr_mu50_i09,lfr,0.5,0.5135896919669821,9.0,slpa,,,0.20127987369612022,0.09389303711390032,,,0.41769685369729614,0.04646231961442759,30,,,,0.1144649525497982,0.306280437637969,,,,,,,0.1191441451920091,0.1740494990073501,0.3096707764722748,0.3505770581315823,48.13333333333333,13.29955491433981,30,435,0,0
lfr_mu60_i00,lfr,0.6,0.6292887029288703,0.0,flpa,0.0,0.0,,,0.0,0.0,0.5,0.0,30,0.0,0.0,1.0,1.0,,0.0,0.0,0.0,0.0,1.0,1.0,1.0,1.0,,,1.0,0.0,30,435,30,435
lfr_mu60_i00,lfr,0.6,0.6292887029288703,0.0,lpa,0.006122090241183917,0.033532069241786755,,,0.015242367895623794,0.083485887262257,0.4871333280768143,0.07047366452347194,30,0.5055871205385002,0.0507322962344898,0.9333333333333332,0.9333333333333332,,0.0,1.412157129779949,0.0,0.141700551551506,0.8137931034482758,1.0,0.8137931034482758,1.0,,,8.866666666666667,43.08750785707308,30,435,29,435
lfr_mu60_i00,lfr,0.6,0.6292887029288703,0.0,semi_sync_lpa,0.0067111913015061595,0.03675870863567377,,,0.0014011202717404967,0.007674251786100382,0.4839965931189706,0.08765426945673191,30,0.0640088867166425,0.006422864963589,0.9333333333333332,0.9333333333333332,,0.0,0.1787834422085532,0.0,0.0179397262776108,0.8137931034482758,1.0,0.8137931034482758,1.0,,,1.0333333333333334,0.1825741858350553,30,435,29,435
lfr_mu60_i00,lfr,0.6,0.6292887029288703,0.0,slpa,,,0.0640716308926243,0.041277454355063484,,,0.17850760026434287,0.02021832385343937,30,,,,0.0223157115707263,0.1811709601167989,,,,,,,0.0380958924854777,0.0771241210209799,0.1899060036433948,0.2289489803676824,48.56666666666667,21.572145726940747,30,435,0,0
lfr_mu60_i01,lfr,0.6,0.6231599607458292,1.0,flpa,0.0,0.0,,,0.0,0.0,0.5,0.0,30,0.0,0.0,1.0,1.0,,0.0,0.0,0.0,0.0,1.0,1.0,1.0,1.0,,,1.0,0.0,30,435,30,435
lfr_mu60_i01,lfr,0.6,0.6231599607458292,1.0,lpa,0.006454926562149387,0.03535508885128492,,,0.00184516190162267,0.010106367957678645,0.4842116504497011,0.08647635194475266,30,0.0651000312505216,0.0065323540416898,0.9333333333333332,0.9333333333333332,,0.0,0.1818311217686983,0.0,0.0182455405992026,0.8137931034482758,1.0,0.8137931034482758,1.0,,,1.0333333333333334,0.1825741858350553,30,435,29,435
lfr_mu60_i01,lfr,0.6,0.6231599607458292,1.0,semi_sync_lpa,0.0,0.0,,,0.0,0.0,0.5,0.0,30,0.0,0.0,1.0,1.0,,0.0,0.0,0.0,0.0,1.0,1.0,1.0,1.0,,,1.0,0.0,30,435,30,435
lfr_mu60_i01,lfr,0.6,0.6231599607458292,1.0,slpa,,,0.05145518656788415,0.0396840233338305,,,0.21051904411086858,0.02458853463842999,30,,,,0.020228463981898,0.1715234024809017,,,,,,,0.0370269429561018,0.0735209433654022,0.1823615072490532,0.2216102747846959,36.766666666666666,17.085350315469064,30,435,0,0
lfr_mu60_i02,lfr,0.6,0.6285954230526979,2.0,flpa,0.0,0.0,,,0.0,0.0,0.5,0.0,30,0.0,0.0,1.0,1.0,,0.0,0.0,0.0,0.0,1.0,1.0,1.0,1.0,,,1.0,0.0,30,435,30,435
lfr_mu60_i02,lfr,0.6,0.6285954230526979,2.0,lpa,0.006387452783823187,0.0349855197469913,,,0.016524911496214757,0.09051066787253269,0.48816607750000784,0.0648170629701365,30,0.5015736726226143,0.0503295734982508,0.9333333333333332,0.9333333333333332,,0.0,1.4009471545666123,0.0,0.140575705288218,0.8137931034482758,1.0,0.8137931034482758,1.0,,,8.733333333333333,42.35721111373285,30,435,29,435
lfr_mu60_i02,lfr,0.6,0.6285954230526979,2.0,semi_sync_lpa,0.006670619442180827,0.03653648741014967,,,0.0014114223329686865,0.0077306784993351725,0.4840297780186629,0.08747250827543163,30,0.0662590581659848,0.0066486546641352,0.9333333333333332,0.9333333333333332,,0.0,0.1850684038429231,0.0,0.0185703802687916,0.8137931034482758,1.0,0.8137931034482758,1.0,,,1.0333333333333334,0.1825741858350553,30,435,29,435
lfr_mu60_i02,lfr,0.6,0.6285954230526979,2.0,slpa,,,0.07339090122671948,0.05336088086715783,,,0.20216777053427468,0.014594396553950489,30,,,,0.0233528296437262,0.1896995780813479,,,,,,,0.0396507355173943,0.0771110512818008,0.1985692906448384,0.2388103307636654,51.833333333333336,17.55009251048087,30,435,0,0
lfr_mu60_i03,lfr,0.6,0.6286531780094012,3.0,flpa,0.0,0.0,,,0.0,0.0,0.5,0.0,30,0.0,0.0,1.0,1.0,,0.0,0.0,0.0,0.0,1.0,1.0,1.0,1.0,,,1.0,0.0,30,435,30,435
lfr_mu60_i03,lfr,0.6,0.6286531780094012,3.0,lpa,0.0,0.0,,,0.0,0.0,0.5,0.0,30,0.0,0.0,1.0,1.0,,0.0,0.0,0.0,0.0,1.0,1.0,1.0,1.0,,,1.0,0.0,30,435,30,435
lfr_mu60_i03,lfr,0.6,0.6286531780094012,3.0,semi_sync_lpa,0.006589890751112571,0.03609431815879016,,,0.0013531886404587032,0.007411719429389797,0.4840839943059381,0.08717555344018343,30,0.0664441275821359,0.0066672251459824,0.9333333333333332,0.9333333333333332,,0.0,0.1855853218673451,0.0,0.0186222495456751,0.8137931034482758,1.0,0.8137931034482758,1.0,,,1.0333333333333334,0.1825741858350553,30,435,29,435
lfr_mu60_i03,lfr,0.6,0.6286531780094012,3.0,slpa,,,0.0585913026143179,0.05110742103779061,,,0.2034344337047061,0.016485843557589218,30,,,,0.0328605182653907,0.1981761541162837,,,,,,,0.0489818782421251,0.0867725473611327,0.2099894312429562,0.2456308219942904,43.53333333333333,19.740966215624724,30,435,0,0
lfr_mu60_i04,lfr,0.6,0.6296973390209222,4.0,flpa,0.0,0.0,,,0.0,0.0,0.5,0.0,30,0.0,0.0,1.0,1.0,,0.0,0.0,0.0,0.0,1.0,1.0,1.0,1.0,,,1.0,0.0,30,435,30,435
lfr_mu60_i04,lfr,0.6,0.6296973390209222,4.0,lpa,0.0,0.0,,,0.0,0.0,0.5,0.0,30,0.0,0.0,1.0,1.0,,0.0,0.0,0.0,0.0,1.0,1.0,1.0,1.0,,,1.0,0.0,30,435,30,435
lfr_mu60_i04,lfr,0.6,0.6296973390209222,4.0,semi_sync_lpa,0.0,0.0,,,0.0,0.0,0.5,0.0,30,0.0,0.0,1.0,1.0,,0.0,0.0,0.0,0.0,1.0,1.0,1.0,1.0,,,1.0,0.0,30,435,30,435
lfr_mu60_i04,lfr,0.6,0.6296973390209222,4.0,slpa,,,0.0748361330401393,0.04422689575348853,,,0.2037134756818826,0.019984009521412337,30,,,,0.0328841637282738,0.1878443707009485,,,,,,,0.0477547349749378,0.091696425879049,0.1986249044886298,0.2363095503346053,49.5,17.478558292948534,30,435,0,0
lfr_mu60_i05,lfr,0.6,0.6271756329113924,5.0,flpa,0.0,0.0,,,0.0,0.0,0.5,0.0,30,0.0,0.0,1.0,1.0,,0.0,0.0,0.0,0.0,1.0,1.0,1.0,1.0,,,1.0,0.0,30,435,30,435
lfr_mu60_i05,lfr,0.6,0.6271756329113924,5.0,lpa,0.0,0.0,,,0.0,0.0,0.5,0.0,30,0.0,0.0,1.0,1.0,,0.0,0.0,0.0,0.0,1.0,1.0,1.0,1.0,,,1.0,0.0,30,435,30,435
lfr_mu60_i05,lfr,0.6,0.6271756329113924,5.0,semi_sync_lpa,0.0,0.0,,,0.0,0.0,0.5,0.0,30,0.0,0.0,1.0,1.0,,0.0,0.0,0.0,0.0,1.0,1.0,1.0,1.0,,,1.0,0.0,30,435,30,435
lfr_mu60_i05,lfr,0.6,0.6271756329113924,5.0,slpa,,,0.0665432252108834,0.051192293883180945,,,0.2167192028243369,0.01771292041608051,30,,,,0.0279609164171248,0.1971514498306349,,,,,,,0.0429688831524122,0.0836555040976309,0.2069585153662057,0.2442961435486288,44.833333333333336,16.90354652306643,30,435,0,0
lfr_mu60_i06,lfr,0.6,0.6298778084351596,6.0,flpa,0.0,0.0,,,0.0,0.0,0.5,0.0,30,0.0,0.0,1.0,1.0,,0.0,0.0,0.0,0.0,1.0,1.0,1.0,1.0,,,1.0,0.0,30,435,30,435
lfr_mu60_i06,lfr,0.6,0.6298778084351596,6.0,lpa,0.006870622629000916,0.03763194998009249,,,0.002168498281953727,0.011877354249372543,0.4842653930661422,0.08618199151151118,30,0.0664171531225018,0.0066645184388269,0.9333333333333332,0.9333333333333332,,0.0,0.1855099794111258,0.0,0.0186146894325854,0.8137931034482758,1.0,0.8137931034482758,1.0,,,1.0333333333333334,0.1825741858350553,30,435,29,435
lfr_mu60_i06,lfr,0.6,0.6298778084351596,6.0,semi_sync_lpa,0.006737957897276141,0.03690531531858219,,,0.0014594985645654333,0.00799400286458898,0.4839791719380889,0.08774968919420481,30,0.0665648726593538,0.0066793411093395,0.9333333333333332,0.9333333333333332,,0.0,0.1859225753588849,0.0,0.0186560906847071,0.8137931034482758,1.0,0.8137931034482758,1.0,,,1.0333333333333334,0.1825741858350553,30,435,29,435
lfr_mu60_i06,lfr,0.6,0.6298778084351596,6.0,slpa,,,0.05089921296215734,0.04185748305176295,,,0.206826609512627,0.018652483759354653,30,,,,0.0311972713354392,0.1725438333024199,,,,,,,0.0455859176926729,0.0894558562051452,0.180548853487516,0.2224614055383536,37.766666666666666,18.628275381209097,30,435,0,0
lfr_mu60_i07,lfr,0.6,0.6255480271024313,7.0,flpa,0.0,0.0,,,0.0,0.0,0.5,0.0,30,0.0,0.0,1.0,1.0,,0.0,0.0,0.0,0.0,1.0,1.0,1.0,1.0,,,1.0,0.0,30,435,30,435
lfr_mu60_i07,lfr,0.6,0.6255480271024313,7.0,lpa,0.0,0.0,,,0.0,0.0,0.5,0.0,30,0.0,0.0,1.0,1.0,,0.0,0.0,0.0,0.0,1.0,1.0,1.0,1.0,,,1.0,0.0,30,435,30,435
lfr_mu60_i07,lfr,0.6,0.6255480271024313,7.0,semi_sync_lpa,0.006649492807691167,0.03642077206740814,,,0.0014494049928948467,0.007938718095691225,0.4840306505354583,0.08746772930412552,30,0.066526368477316,0.0066754774714222,0.9333333333333332,0.9333333333333332,,0.0,0.1858150291952621,0.0,0.0186452991443174,0.8137931034482758,1.0,0.8137931034482758,1.0,,,1.0333333333333334,0.1825741858350553,30,435,29,435
lfr_mu60_i07,lfr,0.6,0.6255480271024313,7.0,slpa,,,0.042653496570193815,0.03264209253802756,,,0.2140641106215046,0.019207978688554606,30,,,,0.0271515006201314,0.1724963649879898,,,,,,,0.0435063169137068,0.0827830020548007,0.1834771343352447,0.2223796302050575,36.9,17.42243895986853,30,435,0,0
lfr_mu60_i08,lfr,0.6,0.6249750648314383,8.0,flpa,0.0,0.0,,,0.0,0.0,0.5,0.0,30,0.0,0.0,1.0,1.0,,0.0,0.0,0.0,0.0,1.0,1.0,1.0,1.0,,,1.0,0.0,30,435,30,435
lfr_mu60_i08,lfr,0.6,0.6249750648314383,8.0,lpa,0.0070074472373557566,0.038381369224270045,,,0.0021023472599639567,0.011515030179914365,0.48436451781536943,0.08563906289992335,30,0.0665463919361873,0.0066774866920013,0.9333333333333332,0.9333333333333332,,0.0,0.1858709567872819,0.0,0.0186509111052451,0.8137931034482758,1.0,0.8137931034482758,1.0,,,1.0333333333333334,0.1825741858350553,30,435,29,435
lfr_mu60_i08,lfr,0.6,0.6249750648314383,8.0,semi_sync_lpa,0.0,0.0,,,0.0,0.0,0.5,0.0,30,0.0,0.0,1.0,1.0,,0.0,0.0,0.0,0.0,1.0,1.0,1.0,1.0,,,1.0,0.0,30,435,30,435
lfr_mu60_i08,lfr,0.6,0.6249750648314383,8.0,slpa,,,0.059022108777494225,0.037738185051307015,,,0.21940033984412421,0.021061392443382246,30,,,,0.0278110582380238,0.18078636807302,,,,,,,0.04331711467365,0.0849098590637721,0.1907616948047077,0.2328995726128432,38.96666666666667,18.008586713073818,30,435,0,0
lfr_mu60_i09,lfr,0.6,0.6262288635469917,9.0,flpa,0.0,0.0,,,0.0,0.0,0.5,0.0,30,0.0,0.0,1.0,1.0,,0.0,0.0,0.0,0.0,1.0,1.0,1.0,1.0,,,1.0,0.0,30,435,30,435
lfr_mu60_i09,lfr,0.6,0.6262288635469917,9.0,lpa,0.0,0.0,,,0.0,0.0,0.5,0.0,30,0.0,0.0,1.0,1.0,,0.0,0.0,0.0,0.0,1.0,1.0,1.0,1.0,,,1.0,0.0,30,435,30,435
lfr_mu60_i09,lfr,0.6,0.6262288635469917,9.0,semi_sync_lpa,0.0,0.0,,,0.0,0.0,0.5,0.0,30,0.0,0.0,1.0,1.0,,0.0,0.0,0.0,0.0,1.0,1.0,1.0,1.0,,,1.0,0.0,30,435,30,435
lfr_mu60_i09,lfr,0.6,0.6262288635469917,9.0,slpa,,,0.051982112424280004,0.03871630039150743,,,0.21620861328975727,0.033735615897684,30,,,,0.0248740942189854,0.1754568080540585,,,,,,,0.0419271673728196,0.078645994115424,0.1854490740430905,0.2254077934046288,36.13333333333333,16.433215592593058,30,435,0,0
lfr_mu70_i00,lfr,0.7,0.7386086248982913,0.0,flpa,0.0,0.0,,,0.0,0.0,0.5,0.0,30,0.0,0.0,1.0,1.0,,0.0,0.0,0.0,0.0,1.0,1.0,1.0,1.0,,,1.0,0.0,30,435,30,435
lfr_mu70_i00,lfr,0.7,0.7386086248982913,0.0,lpa,0.0,0.0,,,0.0,0.0,0.5,0.0,30,0.0,0.0,1.0,1.0,,0.0,0.0,0.0,0.0,1.0,1.0,1.0,1.0,,,1.0,0.0,30,435,30,435
lfr_mu70_i00,lfr,0.7,0.7386086248982913,0.0,semi_sync_lpa,0.006660502352182796,0.036481073826067356,,,0.0006596272940496534,0.0036129274849708835,0.48365460763944557,0.08952740107148273,30,0.0663269446199925,0.0066554666171204,0.9333333333333332,0.9333333333333332,,0.0,0.1852580177317033,0.0,0.0185894067581641,0.8137931034482758,1.0,0.8137931034482758,1.0,,,1.0333333333333334,0.1825741858350553,30,435,29,435
lfr_mu70_i00,lfr,0.7,0.7386086248982913,0.0,slpa,,,0.03305184355711953,0.03006066197475199,,,0.1522015368997171,0.021706968272521755,30,,,,0.0114110588348417,0.1675456694137912,,,,,,,0.0306044246887891,0.0637715151803175,0.1780365794046209,0.2166684293111739,50.4,22.83161752090048,30,435,0,0
lfr_mu70_i01,lfr,0.7,0.7385433715220949,1.0,flpa,0.0,0.0,,,0.0,0.0,0.5,0.0,30,0.0,0.0,1.0,1.0,,0.0,0.0,0.0,0.0,1.0,1.0,1.0,1.0,,,1.0,0.0,30,435,30,435
lfr_mu70_i01,lfr,0.7,0.7385433715220949,1.0,lpa,0.027990087618965976,0.06368261337090338,,,0.06801229786020971,0.1546974016551568,0.43166324608529755,0.15543250025183064,30,2.3207711109095266,0.2328739058180625,0.7072888544033158,0.6917255499571393,,0.979113754918759,3.64125411006487,0.0982475364659127,0.3653755696547605,0.5488862164065533,0.8728160919540146,0.5006585780801047,0.8728160919540146,,,44.46666666666667,98.8892565320989,30,435,25,425
lfr_mu70_i01,lfr,0.7,0.7385433715220949,1.0,semi_sync_lpa,0.0,0.0,,,0.0,0.0,0.5,0.0,30,0.0,0.0,1.0,1.0,,0.0,0.0,0.0,0.0,1.0,1.0,1.0,1.0,,,1.0,0.0,30,435,30,435
lfr_mu70_i01,lfr,0.7,0.7385433715220949,1.0,slpa,,,0.033814380321023026,0.032063341204789035,,,0.13183268487010394,0.018417848905611343,30,,,,0.0105021861153409,0.1635983783424125,,,,,,,0.0286121697695334,0.0644481862740467,0.1747712111367858,0.2129032424102542,47.06666666666667,18.88975882603447,30,435,0,0
lfr_mu70_i02,lfr,0.7,0.7381535947712419,2.0,flpa,0.0,0.0,,,0.0,0.0,0.5,0.0,30,0.0,0.0,1.0,1.0,,0.0,0.0,0.0,0.0,1.0,1.0,1.0,1.0,,,1.0,0.0,30,435,30,435
lfr_mu70_i02,lfr,0.7,0.7381535947712419,2.0,lpa,0.022578385177486927,0.05859442878943337,,,0.057264912434074305,0.14852619799361247,0.44585775935532174,0.1403968774468481,30,1.901840470747412,0.1908370095542257,0.7575883946578941,0.7481879348479803,,0.5081248806901504,3.3374527399190788,0.0509869435436389,0.3348911279421941,0.5827123467012006,0.9333333333333332,0.5466642971322431,0.9333333333333332,,,35.5,89.53510195872131,30,435,26,429
lfr_mu70_i02,lfr,0.7,0.7381535947712419,2.0,semi_sync_lpa,0.0,0.0,,,0.0,0.0,0.5,0.0,30,0.0,0.0,1.0,1.0,,0.0,0.0,0.0,0.0,1.0,1.0,1.0,1.0,,,1.0,0.0,30,435,30,435
lfr_mu70_i02,lfr,0.7,0.7381535947712419,2.0,slpa,,,0.03313395823175148,0.027949596054552814,,,0.13607416187440838,0.017481838305623096,30,,,,0.0102327352344186,0.1462300935227012,,,,,,,0.0285939070078643,0.0634210931845502,0.1593032827134771,0.1946815648841694,43.43333333333333,16.643696815255947,30,435,0,0
lfr_mu70_i03,lfr,0.7,0.7368523568367744,3.0,flpa,0.0,0.0,,,0.0,0.0,0.5,0.0,30,0.0,0.0,1.0,1.0,,0.0,0.0,0.0,0.0,1.0,1.0,1.0,1.0,,,1.0,0.0,30,435,30,435
lfr_mu70_i03,lfr,0.7,0.7368523568367744,3.0,lpa,0.0,0.0,,,0.0,0.0,0.5,0.0,30,0.0,0.0,1.0,1.0,,0.0,0.0,0.0,0.0,1.0,1.0,1.0,1.0,,,1.0,0.0,30,435,30,435
lfr_mu70_i03,lfr,0.7,0.7368523568367744,3.0,semi_sync_lpa,0.0,0.0,,,0.0,0.0,0.5,0.0,30,0.0,0.0,1.0,1.0,,0.0,0.0,0.0,0.0,1.0,1.0,1.0,1.0,,,1.0,0.0,30,435,30,435
lfr_mu70_i03,lfr,0.7,0.7368523568367744,3.0,slpa,,,0.02596655072272275,0.02868230774608165,,,0.17252528760552782,0.07783611962362712,30,,,,0.0078929521119985,0.1763677674728469,,,,,,,0.0262030335680017,0.0630170664972892,0.1622466691581725,0.2625333709410383,26.8,17.013990186577796,30,435,1,29
lfr_mu70_i04,lfr,0.7,0.7404626623376623,4.0,flpa,0.0,0.0,,,0.0,0.0,0.5,0.0,30,0.0,0.0,1.0,1.0,,0.0,0.0,0.0,0.0,1.0,1.0,1.0,1.0,,,1.0,0.0,30,435,30,435
lfr_mu70_i04,lfr,0.7,0.7404626623376623,4.0,lpa,0.0,0.0,,,0.0,0.0,0.5,0.0,30,0.0,0.0,1.0,1.0,,0.0,0.0,0.0,0.0,1.0,1.0,1.0,1.0,,,1.0,0.0,30,435,30,435
lfr_mu70_i04,lfr,0.7,0.7404626623376623,4.0,semi_sync_lpa,0.0,0.0,,,0.0,0.0,0.5,0.0,30,0.0,0.0,1.0,1.0,,0.0,0.0,0.0,0.0,1.0,1.0,1.0,1.0,,,1.0,0.0,30,435,30,435
lfr_mu70_i04,lfr,0.7,0.7404626623376623,4.0,slpa,,,0.03369384896134379,0.030658871589184615,,,0.14781035511952603,0.021637424686966018,30,,,,0.0079852727048905,0.1565090686506108,,,,,,,0.0262795721082188,0.0613890988578103,0.1670094390029414,0.2080159280129174,44.4,22.004074857735496,30,435,0,0
lfr_mu70_i05,lfr,0.7,0.7375667899712289,5.0,flpa,0.0,0.0,,,0.0,0.0,0.5,0.0,30,0.0,0.0,1.0,1.0,,0.0,0.0,0.0,0.0,1.0,1.0,1.0,1.0,,,1.0,0.0,30,435,30,435
lfr_mu70_i05,lfr,0.7,0.7375667899712289,5.0,lpa,0.0056427794414912035,0.030906775871311347,,,0.015252934087666894,0.08354376067954639,0.4869245763665458,0.07161704472979034,30,0.5167336578677022,0.0518507769291158,0.9333333333333332,0.9333333333333332,,0.0,1.4432905616304788,0.0,0.144824583836496,0.8137931034482758,1.0,0.8137931034482758,1.0,,,9.733333333333333,47.834436688784514,30,435,29,435
lfr_mu70_i05,lfr,0.7,0.7375667899712289,5.0,semi_sync_lpa,0.0,0.0,,,0.0,0.0,0.5,0.0,30,0.0,0.0,1.0,1.0,,0.0,0.0,0.0,0.0,1.0,1.0,1.0,1.0,,,1.0,0.0,30,435,30,435
lfr_mu70_i05,lfr,0.7,0.7375667899712289,5.0,slpa,,,0.049766003457478995,0.04041461751061416,,,0.1477190783222913,0.018782583368799188,30,,,,0.0111502642935417,0.1839563141194451,,,,,,,0.0300363382479502,0.0638275771831081,0.1927353686013008,0.232994106040275,56.03333333333333,22.124231267897247,30,435,0,0
lfr_mu70_i06,lfr,0.7,0.7397003745318352,6.0,flpa,0.0,0.0,,,0.0,0.0,0.5,0.0,30,0.0,0.0,1.0,1.0,,0.0,0.0,0.0,0.0,1.0,1.0,1.0,1.0,,,1.0,0.0,30,435,30,435
lfr_mu70_i06,lfr,0.7,0.7397003745318352,6.0,lpa,0.058334837816302915,0.08406519513774019,,,0.11569318404064491,0.17874163480352467,0.35946088365560214,0.20262917635212543,30,3.707242685724667,0.3719970832030074,0.5012433355885506,0.4434904739254328,,1.994000215061502,4.736016133482331,0.2000846253646472,0.4752276387089106,0.3895960959945525,0.7069442334039877,0.2730438906859711,0.6929049503797786,,,77.46666666666667,118.77237962135617,30,435,20,390
lfr_mu70_i06,lfr,0.7,0.7397003745318352,6.0,semi_sync_lpa,0.006846414210239237,0.03749935500971946,,,0.0003391773089593167,0.0018577506311091689,0.4835705766431456,0.08998765779351417,30,0.0663105545215187,0.0066538219800296,0.9333333333333332,0.9333333333333332,,0.0,0.1852122384911384,0.0,0.0185848131166345,0.8137931034482758,1.0,0.8137931034482758,1.0,,,1.0333333333333334,0.1825741858350553,30,435,29,435
lfr_mu70_i06,lfr,0.7,0.7397003745318352,6.0,slpa,,,0.037549710004834314,0.03319816111715768,,,0.12181658206106573,0.014764547909897719,30,,,,0.0130727887171331,0.1687126145605518,,,,,,,0.0315062541178218,0.0677262998432915,0.177521627927892,0.2197279928915271,54.96666666666667,19.236250500898905,30,435,0,0
lfr_mu70_i07,lfr,0.7,0.7342723004694836,7.0,flpa,0.0,0.0,,,0.0,0.0,0.5,0.0,30,0.0,0.0,1.0,1.0,,0.0,0.0,0.0,0.0,1.0,1.0,1.0,1.0,,,1.0,0.0,30,435,30,435
lfr_mu70_i07,lfr,0.7,0.7342723004694836,7.0,lpa,0.0,0.0,,,0.0,0.0,0.5,0.0,30,0.0,0.0,1.0,1.0,,0.0,0.0,0.0,0.0,1.0,1.0,1.0,1.0,,,1.0,0.0,30,435,30,435
lfr_mu70_i07,lfr,0.7,0.7342723004694836,7.0,semi_sync_lpa,0.00639189520009992,0.03500985186303723,,,0.0011175045181022333,0.0061208243267853344,0.4839695104371384,0.08780260741430437,30,0.0659011593592771,0.0066127419053915,0.9333333333333332,0.9333333333333332,,0.0,0.1840687554517739,0.0,0.0184700722185073,0.8137931034482758,1.0,0.8137931034482758,1.0,,,1.0333333333333334,0.1825741858350553,30,435,29,435
lfr_mu70_i07,lfr,0.7,0.7342723004694836,7.0,slpa,,,0.01648682900626388,0.017436132953216776,,,0.19404331432099636,0.08753507348281148,30,,,,0.0095213021898457,0.1956273080667191,,,,,,,0.0280210749743153,0.0639821943122591,0.1658941314634632,0.3014868076956654,22.666666666666668,13.966297693532375,30,435,2,57
lfr_mu70_i08,lfr,0.7,0.7379267277268943,8.0,flpa,0.0,0.0,,,0.0,0.0,0.5,0.0,30,0.0,0.0,1.0,1.0,,0.0,0.0,0.0,0.0,1.0,1.0,1.0,1.0,,,1.0,0.0,30,435,30,435
lfr_mu70_i08,lfr,0.7,0.7379267277268943,8.0,lpa,0.023532347280679922,0.061030227587160604,,,0.056961671133623666,0.14771203972943228,0.4453286903211042,0.1417710330715693,30,1.89260558273543,0.189910350121491,0.7575599416784298,0.7482971010368763,,0.5096029486498679,3.3007544032818665,0.0511352578074739,0.331208694569269,0.5836304064890834,0.9333333333333332,0.5512068119165539,0.9333333333333332,,,34.666666666666664,87.33618491440016,30,435,26,429
lfr_mu70_i08,lfr,0.7,0.7379267277268943,8.0,semi_sync_lpa,0.0,0.0,,,0.0,0.0,0.5,0.0,30,0.0,0.0,1.0,1.0,,0.0,0.0,0.0,0.0,1.0,1.0,1.0,1.0,,,1.0,0.0,30,435,30,435
lfr_mu70_i08,lfr,0.7,0.7379267277268943,8.0,slpa,,,0.04645336788166369,0.03743113942369039,,,0.12773473234648872,0.012242818811865732,30,,,,0.0105733605592452,0.1780288856718888,,,,,,,0.029516064555944,0.0639785965086807,0.1866614680490599,0.2294223639599527,58.833333333333336,24.19473201900084,30,435,0,0
lfr_mu70_i09,lfr,0.7,0.737776025236593,9.0,flpa,0.0,0.0,,,0.0,0.0,0.5,0.0,30,0.0,0.0,1.0,1.0,,0.0,0.0,0.0,0.0,1.0,1.0,1.0,1.0,,,1.0,0.0,30,435,30,435
lfr_mu70_i09,lfr,0.7,0.737776025236593,9.0,lpa,0.00569852483853954,0.031212105985715912,,,0.014237595666821453,0.07798252311355919,0.48684447547423537,0.07205577538573728,30,0.5042978783546385,0.0506029293781505,0.9333333333333332,0.9333333333333332,,0.0,1.4085561429905422,0.0,0.1413392165389723,0.8137931034482758,1.0,0.8137931034482758,1.0,,,9.0,43.81780460041329,30,435,29,435
lfr_mu70_i09,lfr,0.7,0.737776025236593,9.0,semi_sync_lpa,0.0,0.0,,,0.0,0.0,0.5,0.0,30,0.0,0.0,1.0,1.0,,0.0,0.0,0.0,0.0,1.0,1.0,1.0,1.0,,,1.0,0.0,30,435,30,435
lfr_mu70_i09,lfr,0.7,0.737776025236593,9.0,slpa,,,0.023648813671948522,0.028438574722823556,,,0.15427232141526093,0.028086329790631703,30,,,,0.0086850830621176,0.137947005440244,,,,,,,0.0269541823773221,0.0632719995037828,0.1494272134337948,0.1894604968602377,26.633333333333333,14.558996112922484,30,435,0,0
polblogs,polblogs,,,,flpa,0.397539586413881,0.10785193376351912,,,,,,,30,0.2825308174086083,0.0275504661430311,0.8132937841557557,0.8397586416132145,,0.1629756341953502,0.4120476472415008,0.0158922652517028,0.0401800584402256,0.6852208565195949,0.9235484590380076,0.6910267818097864,0.9633123252159544,,,5.666666666666667,1.6470105276411926,30,435,0,0
polblogs,polblogs,,,,lpa,0.3977067795881378,0.10781615806354183,,,,,,,30,0.2466416778352272,0.0240508035795347,0.8434391428230933,0.85144348113435,,0.122584025633721,0.3855101844576428,0.0119535528154933,0.0375923072113349,0.723255549176093,0.9459315986406918,0.7045621215774955,0.9732235284904626,,,9.5,1.2525835370311151,30,435,0,0
polblogs,polblogs,,,,semi_sync_lpa,0.41187493588568624,0.07758752129058326,,,,,,,30,0.1699620270361348,0.0165735303299246,0.9006995414296537,0.9127247919002568,,0.0985316022480779,0.2788799521919798,0.0096081255724692,0.0271944588250824,0.8085276025622523,0.956654128290422,0.8013259792258245,0.9773845389349136,,,9.833333333333334,0.949894125981792,30,435,0,0
polblogs,polblogs,,,,slpa,,,0.39690023778150973,0.10777583035622323,,,,,30,,,,0.8621125424440311,0.7361847867540687,,,,,,,0.7069176663459082,0.9894082699036076,0.7142258136667096,0.7763037611647857,16.166666666666668,2.666307447069608,30,435,0,0
polbooks,polbooks,,,,flpa,0.496081365274757,0.01803416102528308,,,,,,,30,0.6200415281198769,0.0923471634286325,0.7991372479453475,0.7909885640485589,,0.4885962510247339,0.7099602916485325,0.0727700900628624,0.1057393998745692,0.7681556425647178,0.8438695972831344,0.7490672419043509,0.8454756079707971,,,4.033333333333333,0.99942512211403,30,435,0,0
polbooks,polbooks,,,,lpa,0.5096445582516201,0.016099538226658935,,,,,,,30,0.4896892659188102,0.072932880489754,0.8679855034020809,0.8587240111811871,,0.3628389144344577,0.5822540019780919,0.0540401618439149,0.0867192003101614,0.844103351128958,0.9014954811492794,0.8187319710834369,0.9072181416738052,,,5.366666666666666,0.7648904962570576,30,435,0,0
polbooks,polbooks,,,,semi_sync_lpa,0.4976932622381278,0.020586234343786432,,,,,,,30,0.7593663419476118,0.1130977918441636,0.7863393343034256,0.7503037141226439,,0.6018426827507478,0.8526000843992265,0.0896366808701313,0.1269837515110098,0.7582812686523444,0.832411629328684,0.7087252997054853,0.8126325092422261,,,5.1,1.1551981469084385,30,435,0,0
polbooks,polbooks,,,,slpa,,,0.46078074464857743,0.024830658383324995,,,,,30,,,,0.8055011951916509,0.6176853105629531,,,,,,,0.779221246287483,0.8434533900974377,0.5938502295379987,0.6726860401772249,5.8,1.27035156686969,30,435,0,0
